Issue Key,Summary,Type,Status,Assignee,Created,Resolved,Custom field (Waiting Reason),Custom field (Test Automation),Labels,Sprint,Sprint,Sprint
SQ-A-1,Fix password reset flow,Story,Done,auth-squad,2026-07-02T08:30:00Z,2026-07-05T11:22:48Z,,Perfecto Mobile,,Sprint-1,,
SQ-A-2,Refactor login rate limiting,Story,Done,auth-squad,2026-07-09T09:45:00Z,2026-07-21T05:54:36Z,,Postman,,Sprint-1,Sprint-2,
SQ-A-3,Optimize token refresh,Story,Done,auth-squad,2026-07-01T16:15:00Z,2026-07-09T06:53:24Z,,Manual,,Sprint-1,,
SQ-A-4,Optimize MFA enrollment,Story,Done,auth-squad,2026-07-10T12:00:00Z,2026-07-13T18:43:12Z,,Selenium,,Sprint-1,,
SQ-A-5,Harden MFA enrollment,Story,Done,auth-squad,2026-07-03T11:30:00Z,2026-07-08T12:27:36Z,,Postman,,Sprint-1,,
SQ-A-6,Optimize session handling,Story,Done,auth-squad,2026-07-05T08:45:00Z,2026-07-15T03:28:12Z,,Manual,,Sprint-1,Sprint-2,
SQ-A-7,Add password reset flow,Story,Done,auth-squad,2026-07-05T17:30:00Z,2026-07-13T08:51:36Z,,Selenium,,Sprint-1,,
SQ-A-8,Optimize MFA enrollment,Story,Done,auth-squad,2026-07-13T12:00:00Z,2026-07-22T10:19:12Z,,Manual,,Sprint-1,Sprint-2,
SQ-A-9,Investigate password reset flow,Story,Done,auth-squad,2026-07-11T13:15:00Z,2026-07-15T05:34:12Z,,Perfecto Mobile,,Sprint-1,Sprint-2,
SQ-A-10,Document credential rotation,Story,Done,auth-squad,2026-07-11T09:15:00Z,2026-07-15T08:17:24Z,,Selenium,,Sprint-1,Sprint-2,
SQ-A-11,Add token refresh,Story,Done,auth-squad,2026-07-11T16:15:00Z,2026-07-20T10:00:36Z,,Selenium,,Sprint-1,Sprint-2,
SQ-A-12,Harden token refresh,Story,Done,auth-squad,2026-07-13T13:45:00Z,2026-07-17T06:18:36Z,,Postman,,Sprint-1,Sprint-2,
SQ-A-13,Investigate password reset flow,Story,Done,auth-squad,2026-07-08T14:45:00Z,2026-07-11T17:37:48Z,,Manual,,Sprint-1,,
SQ-A-14,Improve login rate limiting,Story,Done,auth-squad,2026-07-07T17:45:00Z,2026-07-17T17:16:12Z,,Manual,,Sprint-1,Sprint-2,
SQ-A-15,Optimize login rate limiting,Story,Done,auth-squad,2026-07-02T08:00:00Z,2026-07-05T14:43:12Z,,Selenium,,Sprint-1,,
SQ-A-16,Add password reset flow,Story,Done,auth-squad,2026-07-07T14:45:00Z,2026-07-17T09:13:48Z,,Perfecto Mobile,,Sprint-1,Sprint-2,
SQ-A-17,Investigate credential rotation,Story,Done,auth-squad,2026-07-02T16:30:00Z,2026-07-07T09:46:48Z,,Selenium,,Sprint-1,,
SQ-A-18,Fix password reset flow,Story,Done,auth-squad,2026-07-08T08:30:00Z,2026-07-16T10:54:00Z,,Selenium,,Sprint-1,Sprint-2,
SQ-A-19,Add login rate limiting,Story,Done,auth-squad,2026-07-14T16:15:00Z,2026-07-22T18:39:00Z,,Selenium,,Sprint-1,Sprint-2,
SQ-A-20,Investigate token refresh,Story,Done,auth-squad,2026-07-08T08:00:00Z,2026-07-17T08:43:12Z,,Selenium,,Sprint-1,Sprint-2,
SQ-B-1,Improve checkout widget,Story,Done,checkout-squad,2026-07-10T09:00:00Z,2026-07-18T21:43:12Z,,Postman,,Sprint-1,Sprint-2,
SQ-B-2,Optimize checkout widget,Story,Done,checkout-squad,2026-07-08T16:15:00Z,2026-07-17T15:46:12Z,,Manual,,Sprint-1,Sprint-2,
SQ-B-3,Harden order summary,Story,Done,checkout-squad,2026-07-13T11:30:00Z,2026-07-20T20:22:48Z,,Manual,,Sprint-1,Sprint-2,
SQ-B-4,Refactor guest checkout,Story,Done,checkout-squad,2026-07-08T09:15:00Z,2026-07-13T02:03:00Z,,Selenium,,Sprint-1,,
SQ-B-5,Harden cart persistence,Story,Done,checkout-squad,2026-07-01T09:00:00Z,2026-07-10T14:45:36Z,,Manual,,Sprint-1,,
SQ-B-6,Document checkout widget,Story,Done,checkout-squad,2026-07-04T12:45:00Z,2026-07-07T14:11:24Z,,Manual,,Sprint-1,,
SQ-B-7,Harden order summary,Story,Done,checkout-squad,2026-07-13T14:15:00Z,2026-07-20T20:43:48Z,,Manual,,Sprint-1,Sprint-2,
SQ-B-8,Fix checkout widget,Story,Done,checkout-squad,2026-07-08T08:00:00Z,2026-07-25T21:12:00Z,,Selenium,,Sprint-1,Sprint-2,
SQ-B-9,Document checkout widget,Story,Done,checkout-squad,2026-07-04T16:45:00Z,2026-07-08T04:01:48Z,,Selenium,,Sprint-1,,
SQ-B-10,Add cart persistence,Story,Done,checkout-squad,2026-07-08T16:00:00Z,2026-07-28T15:45:36Z,,Swagger,,Sprint-1,Sprint-2,
SQ-B-11,Optimize cart persistence,Story,Done,checkout-squad,2026-07-14T11:15:00Z,2026-07-20T07:39:00Z,,Selenium,,Sprint-1,Sprint-2,
SQ-B-12,Document discount code,Story,Done,checkout-squad,2026-07-07T08:45:00Z,2026-07-15T15:13:48Z,,Manual,,Sprint-1,Sprint-2,
SQ-B-13,Add guest checkout,Story,Done,checkout-squad,2026-07-12T16:45:00Z,2026-07-17T01:37:48Z,,Perfecto Mobile,,Sprint-1,Sprint-2,
SQ-B-14,Improve cart persistence,Story,Done,checkout-squad,2026-07-09T08:30:00Z,2026-07-25T14:44:24Z,,Manual,,Sprint-1,Sprint-2,
SQ-B-15,Refactor order summary,Story,Done,checkout-squad,2026-07-02T10:00:00Z,2026-07-09T19:36:00Z,,Selenium,,Sprint-1,,
SQ-B-16,Harden discount code,Story,Done,checkout-squad,2026-07-10T11:00:00Z,2026-07-15T19:24:00Z,,Selenium,,Sprint-1,Sprint-2,
SQ-D-1,Investigate settlement batch,Story,Done,payments-squad,2026-07-12T13:15:00Z,2026-07-15T14:27:00Z,,Selenium,,Sprint-1,Sprint-2,
SQ-D-2,Fix card tokenization,Story,Done,payments-squad,2026-07-13T09:00:00Z,2026-07-23T08:45:36Z,,Manual,,Sprint-1,Sprint-2,
SQ-D-3,Fix wallet linking,Story,Done,payments-squad,2026-07-04T16:30:00Z,2026-07-09T11:27:36Z,,Selenium,,Sprint-1,,
SQ-D-4,Add payment retry logic,Story,Done,payments-squad,2026-07-05T10:45:00Z,2026-07-13T01:52:12Z,,Manual,,Sprint-1,,
SQ-D-5,Improve fraud rule tuning,Story,Done,payments-squad,2026-07-05T09:15:00Z,2026-07-14T12:07:48Z,,Selenium,,Sprint-1,,
SQ-D-6,Investigate refund workflow,Story,Done,payments-squad,2026-07-10T11:30:00Z,2026-07-17T13:10:48Z,,Manual,,Sprint-1,Sprint-2,
SQ-D-7,Add card tokenization,Story,Done,payments-squad,2026-07-05T08:00:00Z,2026-07-13T23:07:12Z,,Selenium,,Sprint-1,,
SQ-D-8,Optimize refund workflow,Story,Done,payments-squad,2026-07-13T10:30:00Z,2026-07-18T23:13:12Z,,Selenium,,Sprint-1,Sprint-2,
SQ-D-9,Improve settlement batch,Story,Done,payments-squad,2026-07-02T09:15:00Z,2026-07-11T01:34:12Z,,Selenium,,Sprint-1,,
SQ-D-10,Add fraud rule tuning,Story,Done,payments-squad,2026-07-01T12:30:00Z,2026-07-09T21:22:48Z,,Selenium,,Sprint-1,,
SQ-D-11,Optimize refund workflow,Story,Done,payments-squad,2026-07-11T11:00:00Z,2026-07-17T22:31:12Z,,Swagger,,Sprint-1,Sprint-2,
SQ-D-12,Optimize card tokenization,Story,Done,payments-squad,2026-07-03T11:15:00Z,2026-07-11T23:00:36Z,,Selenium,,Sprint-1,,
SQ-D-13,Refactor fraud rule tuning,Story,Done,payments-squad,2026-07-12T13:45:00Z,2026-07-21T11:35:24Z,,Selenium,,Sprint-1,Sprint-2,
SQ-D-14,Refactor wallet linking,Story,Done,payments-squad,2026-07-13T09:45:00Z,2026-07-22T06:37:48Z,,Manual,,Sprint-1,Sprint-2,
SQ-D-15,Optimize fraud rule tuning,Story,Done,payments-squad,2026-07-06T12:15:00Z,2026-07-13T18:58:12Z,,Selenium,,Sprint-1,,
SQ-D-16,Harden card tokenization,Story,Done,payments-squad,2026-07-14T09:30:00Z,2026-07-20T11:25:12Z,,Selenium,,Sprint-1,Sprint-2,
SQ-D-17,Harden payment retry logic,Story,Done,payments-squad,2026-07-05T10:30:00Z,2026-07-21T19:22:48Z,,Selenium,,Sprint-1,Sprint-2,
SQ-D-18,Investigate card tokenization,Story,Done,payments-squad,2026-07-07T17:00:00Z,2026-07-14T07:38:24Z,,Perfecto Mobile,,Sprint-1,,
SQ-D-19,Harden refund workflow,Story,Done,payments-squad,2026-07-07T08:15:00Z,2026-07-09T21:41:24Z,,Selenium,,Sprint-1,,
SQ-D-20,Harden settlement batch,Story,Done,payments-squad,2026-07-11T09:30:00Z,2026-07-18T17:39:36Z,,Perfecto Mobile,,Sprint-1,Sprint-2,
SQ-A-21,Improve login rate limiting,Story,Done,auth-squad,2026-07-23T10:15:00Z,2026-08-01T22:43:48Z,,Manual,,Sprint-2,Sprint-3,
SQ-A-22,Harden credential rotation,Story,Done,auth-squad,2026-07-19T14:00:00Z,2026-07-23T06:19:12Z,,Manual,,Sprint-2,,
SQ-A-23,Improve password reset flow,Story,Done,auth-squad,2026-07-22T11:45:00Z,2026-08-01T04:04:12Z,,Selenium,,Sprint-2,Sprint-3,
SQ-A-24,Refactor password reset flow,Story,Done,auth-squad,2026-07-19T16:30:00Z,2026-07-29T07:22:48Z,,Selenium,,Sprint-2,Sprint-3,
SQ-A-25,Document login rate limiting,Story,Done,auth-squad,2026-07-18T11:15:00Z,2026-07-31T16:03:00Z,,Swagger,,Sprint-2,Sprint-3,
SQ-A-26,Optimize credential rotation,Story,Done,auth-squad,2026-07-16T15:45:00Z,2026-07-23T06:23:24Z,,Manual,,Sprint-2,,
SQ-A-27,Fix credential rotation,Story,Done,auth-squad,2026-07-18T10:00:00Z,2026-07-27T07:07:12Z,,Selenium,,Sprint-2,,
SQ-A-28,Fix credential rotation,Story,Done,auth-squad,2026-07-17T16:45:00Z,2026-07-30T22:30:36Z,,Selenium,,Sprint-2,Sprint-3,
SQ-A-29,Optimize login rate limiting,Story,Done,auth-squad,2026-07-27T15:30:00Z,2026-08-05T18:37:12Z,,Manual,,Sprint-2,Sprint-3,
SQ-A-30,Investigate login rate limiting,Story,Done,auth-squad,2026-07-17T15:45:00Z,2026-07-21T15:16:12Z,,Manual,,Sprint-2,,
SQ-A-31,Refactor MFA enrollment,Story,Done,auth-squad,2026-07-25T11:30:00Z,2026-08-02T04:32:24Z,,Selenium,,Sprint-2,Sprint-3,
SQ-A-32,Improve password reset flow,Story,Done,auth-squad,2026-07-20T16:00:00Z,2026-07-24T12:24:00Z,,Selenium,,Sprint-2,,
SQ-A-33,Add token refresh,Story,Done,auth-squad,2026-07-16T14:45:00Z,2026-07-22T08:16:12Z,,Manual,,Sprint-2,,
SQ-A-34,Optimize credential rotation,Story,Done,auth-squad,2026-07-21T17:00:00Z,2026-07-29T19:52:48Z,,Selenium,,Sprint-2,Sprint-3,
SQ-A-35,Optimize login rate limiting,Story,Done,auth-squad,2026-07-20T12:45:00Z,2026-07-30T03:52:12Z,,Swagger,,Sprint-2,Sprint-3,
SQ-A-36,Document session handling,Story,Done,auth-squad,2026-07-26T16:15:00Z,2026-07-30T20:34:12Z,,Selenium,,Sprint-2,Sprint-3,
SQ-A-37,Add credential rotation,Story,Done,auth-squad,2026-07-20T14:15:00Z,2026-07-29T22:53:24Z,,Postman,,Sprint-2,Sprint-3,
SQ-B-17,Document checkout widget,Story,Done,checkout-squad,2026-07-25T08:00:00Z,2026-07-28T10:09:36Z,,Selenium,,Sprint-2,,
SQ-B-18,Optimize discount code,Story,Done,checkout-squad,2026-07-19T14:30:00Z,2026-07-24T05:08:24Z,,Swagger,,Sprint-2,,
SQ-B-19,Add discount code,Story,Done,checkout-squad,2026-07-28T14:30:00Z,2026-08-03T08:44:24Z,,Selenium,,Sprint-2,Sprint-3,
SQ-B-20,Refactor cart persistence,Story,Done,checkout-squad,2026-07-25T09:00:00Z,2026-08-03T23:24:00Z,,Postman,,Sprint-2,Sprint-3,
SQ-B-21,Refactor order summary,Story,Done,checkout-squad,2026-07-17T11:15:00Z,2026-07-20T09:19:48Z,,Perfecto Mobile,,Sprint-2,,
SQ-B-22,Fix checkout widget,Story,Done,checkout-squad,2026-07-19T13:15:00Z,2026-07-29T06:17:24Z,,Selenium,,Sprint-2,Sprint-3,
SQ-B-23,Optimize order summary,Story,Done,checkout-squad,2026-07-16T17:00:00Z,2026-07-23T07:38:24Z,,Perfecto Mobile,,Sprint-2,,
SQ-B-24,Fix guest checkout,Story,Done,checkout-squad,2026-07-18T09:15:00Z,2026-07-26T13:34:12Z,,Selenium,,Sprint-2,,
SQ-B-25,Harden cart persistence,Story,Done,checkout-squad,2026-07-20T16:45:00Z,2026-07-23T05:57:00Z,,Manual,,Sprint-2,,
SQ-B-26,Document cart abandonment email,Story,Done,checkout-squad,2026-07-28T15:00:00Z,2026-08-02T12:36:00Z,,Selenium,,Sprint-2,Sprint-3,
SQ-B-27,Document order summary,Story,Done,checkout-squad,2026-07-21T10:30:00Z,2026-07-30T19:08:24Z,,Manual,,Sprint-2,Sprint-3,
SQ-B-28,Fix discount code,Story,Done,checkout-squad,2026-07-28T17:30:00Z,2026-08-01T16:32:24Z,,Manual,,Sprint-2,Sprint-3,
SQ-B-29,Harden checkout widget,Story,Done,checkout-squad,2026-07-18T15:45:00Z,2026-07-24T14:33:00Z,,Manual,,Sprint-2,,
SQ-B-30,Investigate guest checkout,Story,Done,checkout-squad,2026-07-18T13:30:00Z,2026-07-27T14:27:36Z,,Selenium,,Sprint-2,,
SQ-B-31,Refactor cart abandonment email,Story,Done,checkout-squad,2026-07-23T11:00:00Z,2026-07-28T17:00:00Z,,Manual,,Sprint-2,,
SQ-B-32,Refactor order summary,Story,Done,checkout-squad,2026-07-25T15:45:00Z,2026-07-28T09:30:36Z,,Perfecto Mobile,,Sprint-2,,
SQ-B-33,Optimize cart abandonment email,Story,Done,checkout-squad,2026-07-18T12:30:00Z,2026-07-24T18:30:00Z,,Manual,,Sprint-2,,
SQ-B-34,Fix cart abandonment email,Story,Done,checkout-squad,2026-07-20T13:45:00Z,2026-07-24T13:59:24Z,,Selenium,,Sprint-2,,
SQ-B-35,Investigate cart abandonment email,Story,Done,checkout-squad,2026-07-20T09:15:00Z,2026-07-28T07:05:24Z,,Postman,,Sprint-2,,
SQ-D-21,Harden wallet linking,Story,Done,payments-squad,2026-07-24T12:00:00Z,2026-07-28T20:52:48Z,,Selenium,,Sprint-2,,
SQ-D-22,Investigate payment retry logic,Story,Done,payments-squad,2026-07-15T16:15:00Z,2026-07-25T11:12:36Z,,Selenium,,Sprint-2,,
SQ-D-23,Document settlement batch,Story,Done,payments-squad,2026-07-25T15:00:00Z,2026-08-01T05:09:36Z,,Manual,,Sprint-2,Sprint-3,
SQ-D-24,Fix card tokenization,Story,Done,payments-squad,2026-07-20T10:00:00Z,2026-07-29T07:21:36Z,,Manual,,Sprint-2,Sprint-3,
SQ-D-25,Investigate card tokenization,Story,Done,payments-squad,2026-07-22T09:00:00Z,2026-07-30T20:45:36Z,,Selenium,,Sprint-2,Sprint-3,
SQ-D-26,Refactor refund workflow,Story,Done,payments-squad,2026-07-16T16:45:00Z,2026-07-25T00:40:12Z,,Selenium,,Sprint-2,,
SQ-D-27,Investigate refund workflow,Story,Done,payments-squad,2026-07-22T15:30:00Z,2026-08-01T13:34:48Z,,Postman,,Sprint-2,Sprint-3,
SQ-D-28,Refactor fraud rule tuning,Story,Done,payments-squad,2026-07-15T17:00:00Z,2026-07-19T08:50:24Z,,Postman,,Sprint-2,,
SQ-D-29,Add settlement batch,Story,Done,payments-squad,2026-07-16T10:15:00Z,2026-07-19T00:39:00Z,,Manual,,Sprint-2,,
SQ-D-30,Investigate payment retry logic,Story,Done,payments-squad,2026-07-26T17:45:00Z,2026-07-30T14:09:00Z,,Manual,,Sprint-2,Sprint-3,
SQ-D-31,Refactor settlement batch,Story,Done,payments-squad,2026-07-16T11:30:00Z,2026-07-23T11:30:00Z,,Selenium,,Sprint-2,,
SQ-D-32,Fix card tokenization,Story,Done,payments-squad,2026-07-23T11:15:00Z,2026-08-01T01:53:24Z,,Selenium,,Sprint-2,Sprint-3,
SQ-D-33,Investigate payment retry logic,Story,Done,payments-squad,2026-07-27T12:30:00Z,2026-08-02T06:30:00Z,,Manual,,Sprint-2,Sprint-3,
SQ-D-34,Optimize payment retry logic,Story,Done,payments-squad,2026-07-19T16:45:00Z,2026-07-26T11:28:12Z,,Selenium,,Sprint-2,,
SQ-D-35,Add payment retry logic,Story,Done,payments-squad,2026-07-24T12:00:00Z,2026-08-03T04:48:00Z,,Selenium,,Sprint-2,Sprint-3,
SQ-D-36,Investigate wallet linking,Story,Done,payments-squad,2026-07-24T08:15:00Z,2026-07-31T13:17:24Z,,Manual,,Sprint-2,Sprint-3,
SQ-D-37,Harden payment retry logic,Story,Done,payments-squad,2026-07-21T15:00:00Z,2026-07-26T21:28:48Z,,Selenium,,Sprint-2,,
SQ-D-38,Optimize refund workflow,Story,Done,payments-squad,2026-07-28T10:30:00Z,2026-08-03T09:32:24Z,,Selenium,,Sprint-2,Sprint-3,
SQ-D-39,Optimize refund workflow,Story,Done,payments-squad,2026-07-22T09:30:00Z,2026-07-25T07:49:12Z,,Selenium,,Sprint-2,,
SQ-A-38,Harden login rate limiting,Story,Done,auth-squad,2026-08-11T16:45:00Z,2026-08-15T04:45:00Z,,Swagger,,Sprint-3,Sprint-4,
SQ-A-39,Investigate credential rotation,Story,Done,auth-squad,2026-08-05T15:00:00Z,2026-08-12T00:21:36Z,,Perfecto Mobile,,Sprint-3,Sprint-4,
SQ-A-40,Refactor password reset flow,Story,Done,auth-squad,2026-08-05T09:00:00Z,2026-08-12T05:52:48Z,,Selenium,,Sprint-3,Sprint-4,
SQ-A-41,Fix credential rotation,Story,Done,auth-squad,2026-08-02T16:00:00Z,2026-08-05T10:00:00Z,,Selenium,,Sprint-3,,
SQ-A-42,Investigate credential rotation,Story,Done,auth-squad,2026-08-08T10:45:00Z,2026-08-12T18:40:12Z,,Manual,,Sprint-3,Sprint-4,
SQ-A-43,Improve session handling,Story,Done,auth-squad,2026-08-05T11:45:00Z,2026-08-10T13:25:48Z,,Selenium,,Sprint-3,,
SQ-A-44,Add MFA enrollment,Story,Done,auth-squad,2026-08-10T14:30:00Z,2026-08-16T15:56:24Z,,Perfecto Mobile,,Sprint-3,Sprint-4,
SQ-A-45,Document MFA enrollment,Story,Done,auth-squad,2026-08-02T17:45:00Z,2026-08-08T07:25:48Z,,Selenium,,Sprint-3,,
SQ-A-46,Refactor password reset flow,Story,Done,auth-squad,2026-08-06T16:45:00Z,2026-08-11T06:25:48Z,,Selenium,,Sprint-3,,
SQ-A-47,Harden password reset flow,Story,Done,auth-squad,2026-08-07T14:15:00Z,2026-08-12T21:12:36Z,,Manual,,Sprint-3,Sprint-4,
SQ-A-48,Improve credential rotation,Story,Done,auth-squad,2026-08-09T14:45:00Z,2026-08-17T22:54:36Z,,Selenium,,Sprint-3,Sprint-4,
SQ-A-49,Document session handling,Story,Done,auth-squad,2026-07-31T16:30:00Z,2026-08-09T16:15:36Z,,Manual,,Sprint-3,,
SQ-A-50,Improve session handling,Story,Done,auth-squad,2026-08-05T08:15:00Z,2026-08-12T14:00:36Z,,Manual,,Sprint-3,Sprint-4,
SQ-A-51,Fix MFA enrollment,Story,Done,auth-squad,2026-08-10T12:30:00Z,2026-08-15T16:49:12Z,,Perfecto Mobile,,Sprint-3,Sprint-4,
SQ-A-52,Document login rate limiting,Story,Done,auth-squad,2026-08-11T16:45:00Z,2026-08-18T16:59:24Z,,Selenium,,Sprint-3,Sprint-4,
SQ-A-53,Refactor password reset flow,Story,Done,auth-squad,2026-08-07T09:15:00Z,2026-08-16T18:07:48Z,,Selenium,,Sprint-3,Sprint-4,
SQ-A-54,Add session handling,Story,Done,auth-squad,2026-08-04T09:00:00Z,2026-08-11T22:12:00Z,,Selenium,,Sprint-3,,
SQ-A-55,Refactor login rate limiting,Story,Done,auth-squad,2026-08-10T08:30:00Z,2026-08-15T19:18:00Z,,Manual,,Sprint-3,Sprint-4,
SQ-A-56,Optimize login rate limiting,Story,Done,auth-squad,2026-08-07T10:15:00Z,2026-08-14T07:22:12Z,,Perfecto Mobile,,Sprint-3,Sprint-4,
SQ-A-57,Document MFA enrollment,Story,Done,auth-squad,2026-08-01T15:15:00Z,2026-08-08T17:39:00Z,,Perfecto Mobile,,Sprint-3,,
SQ-B-36,Document discount code,Story,Done,checkout-squad,2026-08-10T15:30:00Z,2026-08-13T21:44:24Z,,Postman,,Sprint-3,Sprint-4,
SQ-B-37,Optimize order summary,Story,Done,checkout-squad,2026-08-02T14:30:00Z,2026-08-07T00:34:48Z,,Selenium,,Sprint-3,,
SQ-B-38,Investigate cart persistence,Story,Done,checkout-squad,2026-08-01T14:30:00Z,2026-08-11T13:03:36Z,,Postman,,Sprint-3,,
SQ-B-39,Add guest checkout,Story,Done,checkout-squad,2026-08-04T12:00:00Z,2026-08-11T23:45:36Z,,Swagger,,Sprint-3,,
SQ-B-40,Refactor guest checkout,Story,Done,checkout-squad,2026-08-05T12:15:00Z,2026-08-10T07:55:48Z,,Selenium,,Sprint-3,,
SQ-B-41,Investigate order summary,Story,Done,checkout-squad,2026-08-08T10:00:00Z,2026-08-15T14:04:48Z,,Selenium,,Sprint-3,Sprint-4,
SQ-B-42,Optimize checkout widget,Story,Done,checkout-squad,2026-08-07T13:15:00Z,2026-08-11T21:53:24Z,,Selenium,,Sprint-3,,
SQ-B-43,Improve discount code,Story,Done,checkout-squad,2026-07-31T16:30:00Z,2026-08-09T23:56:24Z,,Manual,,Sprint-3,,
SQ-B-44,Fix checkout widget,Story,Done,checkout-squad,2026-08-10T12:30:00Z,2026-08-16T06:30:00Z,,Swagger,,Sprint-3,Sprint-4,
SQ-B-45,Investigate guest checkout,Story,Done,checkout-squad,2026-08-01T14:30:00Z,2026-08-06T18:20:24Z,,Selenium,,Sprint-3,,
SQ-B-46,Harden cart persistence,Story,Done,checkout-squad,2026-08-05T13:30:00Z,2026-08-14T03:25:12Z,,Perfecto Mobile,,Sprint-3,Sprint-4,
SQ-B-47,Harden guest checkout,Story,Done,checkout-squad,2026-08-01T15:00:00Z,2026-08-11T04:12:00Z,,Selenium,,Sprint-3,,
SQ-B-48,Optimize cart persistence,Story,Done,checkout-squad,2026-08-08T09:45:00Z,2026-08-12T19:49:48Z,,Selenium,,Sprint-3,Sprint-4,
SQ-B-49,Refactor guest checkout,Story,Done,checkout-squad,2026-07-29T08:30:00Z,2026-08-01T06:49:12Z,,Selenium,,Sprint-3,,
SQ-B-50,Optimize guest checkout,Story,Done,checkout-squad,2026-08-04T15:30:00Z,2026-08-12T14:18:00Z,,Swagger,,Sprint-3,Sprint-4,
SQ-D-40,Investigate card tokenization,Story,Done,payments-squad,2026-07-31T14:00:00Z,2026-08-07T12:19:12Z,,Perfecto Mobile,,Sprint-3,,
SQ-D-41,Harden card tokenization,Story,Done,payments-squad,2026-08-03T11:45:00Z,2026-08-07T09:06:36Z,,Perfecto Mobile,,Sprint-3,,
SQ-D-42,Fix settlement batch,Story,Done,payments-squad,2026-08-03T16:30:00Z,2026-08-17T04:01:12Z,,Selenium,,Sprint-3,Sprint-4,
SQ-D-43,Improve refund workflow,Story,Done,payments-squad,2026-08-08T11:00:00Z,2026-08-22T11:00:00Z,,Selenium,,Sprint-3,Sprint-4,
SQ-D-44,Refactor fraud rule tuning,Story,Done,payments-squad,2026-07-30T16:15:00Z,2026-08-08T04:15:00Z,,Swagger,,Sprint-3,,
SQ-D-45,Improve refund workflow,Story,Done,payments-squad,2026-07-31T17:00:00Z,2026-08-10T13:52:48Z,,Selenium,,Sprint-3,,
SQ-D-46,Add fraud rule tuning,Story,Done,payments-squad,2026-08-10T10:00:00Z,2026-08-12T15:02:24Z,,Selenium,,Sprint-3,Sprint-4,
SQ-D-47,Optimize refund workflow,Story,Done,payments-squad,2026-08-07T13:00:00Z,2026-08-09T23:04:48Z,,Selenium,,Sprint-3,,
SQ-D-48,Fix settlement batch,Story,Done,payments-squad,2026-08-09T09:45:00Z,2026-08-14T07:21:00Z,,Manual,,Sprint-3,Sprint-4,
SQ-D-49,Investigate settlement batch,Story,Done,payments-squad,2026-08-01T17:00:00Z,2026-08-10T23:28:48Z,,Postman,,Sprint-3,,
SQ-D-50,Fix settlement batch,Story,Done,payments-squad,2026-07-29T08:45:00Z,2026-08-03T18:35:24Z,,Perfecto Mobile,,Sprint-3,,
SQ-D-51,Improve fraud rule tuning,Story,Done,payments-squad,2026-08-05T09:00:00Z,2026-08-08T13:33:36Z,,Postman,,Sprint-3,,
SQ-D-52,Investigate settlement batch,Story,Done,payments-squad,2026-08-08T17:30:00Z,2026-08-15T12:13:12Z,,Manual,,Sprint-3,Sprint-4,
SQ-D-53,Refactor settlement batch,Story,Done,payments-squad,2026-08-07T14:00:00Z,2026-08-10T12:04:48Z,,Manual,,Sprint-3,,
SQ-D-54,Fix fraud rule tuning,Story,Done,payments-squad,2026-08-01T14:30:00Z,2026-08-06T19:03:36Z,,Manual,,Sprint-3,,
SQ-D-55,Document card tokenization,Story,Done,payments-squad,2026-08-03T12:30:00Z,2026-08-11T00:15:36Z,,Selenium,,Sprint-3,,
SQ-D-56,Harden wallet linking,Story,Done,payments-squad,2026-08-11T09:00:00Z,2026-08-19T08:02:24Z,,Manual,,Sprint-3,Sprint-4,
SQ-D-57,Optimize payment retry logic,Story,Done,payments-squad,2026-07-29T17:30:00Z,2026-08-04T00:27:36Z,,Selenium,,Sprint-3,,
SQ-D-58,Refactor wallet linking,Story,Done,payments-squad,2026-08-02T17:30:00Z,2026-08-09T08:22:48Z,,Postman,,Sprint-3,,
SQ-D-59,Fix fraud rule tuning,Story,Done,payments-squad,2026-08-05T11:00:00Z,2026-08-11T21:48:00Z,,Manual,,Sprint-3,,
SQ-A-58,Investigate session handling,Story,Done,auth-squad,2026-08-24T14:00:00Z,2026-08-31T20:14:24Z,,Selenium,,Sprint-4,Sprint-5,
SQ-A-59,Improve login rate limiting,Story,Done,auth-squad,2026-08-16T12:30:00Z,2026-08-19T23:18:00Z,,Postman,,Sprint-4,,
SQ-A-60,Fix password reset flow,Story,Done,auth-squad,2026-08-18T09:15:00Z,2026-08-28T03:43:48Z,,Manual,,Sprint-4,Sprint-5,
SQ-A-61,Investigate password reset flow,Story,Done,auth-squad,2026-08-15T14:45:00Z,2026-08-18T20:59:24Z,,Selenium,,Sprint-4,,
SQ-A-62,Add password reset flow,Story,Done,auth-squad,2026-08-24T17:00:00Z,2026-08-27T22:45:36Z,,Selenium,,Sprint-4,Sprint-5,
SQ-A-63,Investigate token refresh,Story,Done,auth-squad,2026-08-16T15:45:00Z,2026-08-22T04:42:36Z,,Swagger,,Sprint-4,,
SQ-A-64,Document login rate limiting,Story,Done,auth-squad,2026-08-20T09:30:00Z,2026-08-24T15:58:48Z,,Perfecto Mobile,,Sprint-4,,
SQ-A-65,Add token refresh,Story,Done,auth-squad,2026-08-16T08:15:00Z,2026-08-23T03:12:36Z,,Selenium,,Sprint-4,,
SQ-A-66,Document password reset flow,Story,Done,auth-squad,2026-08-15T10:30:00Z,2026-08-18T09:32:24Z,,Manual,,Sprint-4,,
SQ-A-67,Harden session handling,Story,Done,auth-squad,2026-08-14T10:45:00Z,2026-08-18T06:54:36Z,,Manual,,Sprint-4,,
SQ-A-68,Harden login rate limiting,Story,Done,auth-squad,2026-08-25T08:45:00Z,2026-09-13T15:42:36Z,,Manual,,Sprint-4,Sprint-5,Sprint-6
SQ-A-69,Harden token refresh,Story,Done,auth-squad,2026-08-21T14:45:00Z,2026-08-26T20:30:36Z,,Postman,,Sprint-4,Sprint-5,
SQ-A-70,Optimize login rate limiting,Story,Done,auth-squad,2026-08-19T13:00:00Z,2026-08-22T09:24:00Z,,Manual,,Sprint-4,,
SQ-A-71,Refactor MFA enrollment,Story,Done,auth-squad,2026-08-20T09:45:00Z,2026-08-28T09:01:48Z,,Swagger,,Sprint-4,Sprint-5,
SQ-A-72,Harden MFA enrollment,Story,Done,auth-squad,2026-08-14T09:00:00Z,2026-08-17T22:12:00Z,,Perfecto Mobile,,Sprint-4,,
SQ-A-73,Improve login rate limiting,Story,Done,auth-squad,2026-08-25T10:15:00Z,2026-08-29T11:27:00Z,,Selenium,,Sprint-4,Sprint-5,
SQ-B-51,Document cart abandonment email,Story,Done,checkout-squad,2026-08-13T10:45:00Z,2026-08-19T22:59:24Z,,Manual,,Sprint-4,,
SQ-B-52,Improve order summary,Story,Done,checkout-squad,2026-08-22T17:30:00Z,2026-08-29T17:58:48Z,,Selenium,,Sprint-4,Sprint-5,
SQ-B-53,Harden guest checkout,Story,Done,checkout-squad,2026-08-19T15:30:00Z,2026-08-26T09:01:12Z,,Selenium,,Sprint-4,Sprint-5,
SQ-B-54,Investigate cart persistence,Story,Done,checkout-squad,2026-08-16T15:45:00Z,2026-08-30T23:25:48Z,,Postman,,Sprint-4,Sprint-5,
SQ-B-55,Add order summary,Story,Done,checkout-squad,2026-08-25T09:45:00Z,2026-08-31T20:04:12Z,,Manual,,Sprint-4,Sprint-5,
SQ-B-56,Add order summary,Story,Done,checkout-squad,2026-08-22T11:30:00Z,2026-08-28T11:44:24Z,,Selenium,,Sprint-4,Sprint-5,
SQ-B-57,Refactor cart abandonment email,Story,Done,checkout-squad,2026-08-24T13:00:00Z,2026-08-27T22:07:12Z,,Manual,,Sprint-4,Sprint-5,
SQ-B-58,Optimize order summary,Story,Done,checkout-squad,2026-08-19T16:15:00Z,2026-08-29T00:24:36Z,,Swagger,,Sprint-4,Sprint-5,
SQ-B-59,Fix discount code,Story,Done,checkout-squad,2026-08-17T17:00:00Z,2026-08-24T21:19:12Z,,Selenium,,Sprint-4,,
SQ-B-60,Improve discount code,Story,Done,checkout-squad,2026-08-20T14:30:00Z,2026-08-29T09:56:24Z,,Selenium,,Sprint-4,Sprint-5,
SQ-B-61,Optimize checkout widget,Story,Done,checkout-squad,2026-08-21T10:30:00Z,2026-08-28T16:30:00Z,,Postman,,Sprint-4,Sprint-5,
SQ-B-62,Harden checkout widget,Story,Done,checkout-squad,2026-08-23T09:30:00Z,2026-08-30T13:06:00Z,,Perfecto Mobile,,Sprint-4,Sprint-5,
SQ-B-63,Harden cart persistence,Story,Done,checkout-squad,2026-08-23T16:00:00Z,2026-08-29T01:21:36Z,,Selenium,,Sprint-4,Sprint-5,
SQ-B-64,Refactor checkout widget,Story,Done,checkout-squad,2026-08-16T10:15:00Z,2026-08-24T13:22:12Z,,Selenium,,Sprint-4,,
SQ-B-65,Add cart abandonment email,Story,Done,checkout-squad,2026-08-14T09:30:00Z,2026-08-17T04:56:24Z,,Selenium,,Sprint-4,,
SQ-B-66,Improve cart abandonment email,Story,Done,checkout-squad,2026-08-24T17:15:00Z,2026-08-27T22:46:12Z,,Swagger,,Sprint-4,Sprint-5,
SQ-B-67,Refactor order summary,Story,Done,checkout-squad,2026-08-21T10:45:00Z,2026-09-04T17:28:12Z,,Postman,,Sprint-4,Sprint-5,
SQ-B-68,Document checkout widget,Story,Done,checkout-squad,2026-08-16T15:15:00Z,2026-08-21T02:46:12Z,,Selenium,,Sprint-4,,
SQ-B-69,Optimize guest checkout,Story,Done,checkout-squad,2026-08-22T17:45:00Z,2026-08-26T23:45:00Z,,Manual,,Sprint-4,Sprint-5,
SQ-B-70,Investigate cart persistence,Story,Done,checkout-squad,2026-08-18T10:15:00Z,2026-08-21T12:53:24Z,,Postman,,Sprint-4,,
SQ-D-60,Fix fraud rule tuning,Story,Done,payments-squad,2026-08-25T13:00:00Z,2026-08-31T16:07:12Z,,Selenium,,Sprint-4,Sprint-5,
SQ-D-61,Optimize card tokenization,Story,Done,payments-squad,2026-08-24T10:30:00Z,2026-08-30T13:08:24Z,,Selenium,,Sprint-4,Sprint-5,
SQ-D-62,Optimize refund workflow,Story,Done,payments-squad,2026-08-25T15:30:00Z,2026-08-30T23:10:48Z,,Selenium,,Sprint-4,Sprint-5,
SQ-D-63,Fix payment retry logic,Story,Done,payments-squad,2026-08-15T14:00:00Z,2026-08-17T19:31:12Z,,Postman,,Sprint-4,,
SQ-D-64,Document payment retry logic,Story,Done,payments-squad,2026-08-17T10:15:00Z,2026-09-05T16:29:24Z,,Selenium,,Sprint-4,Sprint-5,
SQ-D-65,Add fraud rule tuning,Story,Done,payments-squad,2026-08-24T15:45:00Z,2026-09-02T21:45:00Z,,Selenium,,Sprint-4,Sprint-5,
SQ-D-66,Investigate card tokenization,Story,Done,payments-squad,2026-08-25T10:45:00Z,2026-08-29T17:57:00Z,,Selenium,,Sprint-4,Sprint-5,
SQ-D-67,Document refund workflow,Story,Done,payments-squad,2026-08-15T14:45:00Z,2026-09-03T03:28:12Z,,Manual,,Sprint-4,Sprint-5,
SQ-D-68,Add refund workflow,Story,Done,payments-squad,2026-08-12T16:15:00Z,2026-08-17T00:10:12Z,,Selenium,,Sprint-4,,
SQ-D-69,Harden card tokenization,Story,Done,payments-squad,2026-08-15T17:45:00Z,2026-08-23T02:09:00Z,,Manual,,Sprint-4,,
SQ-D-70,Optimize fraud rule tuning,Story,Done,payments-squad,2026-08-20T16:00:00Z,2026-08-26T10:14:24Z,,Selenium,,Sprint-4,Sprint-5,
SQ-D-71,Fix refund workflow,Story,Done,payments-squad,2026-08-23T08:30:00Z,2026-08-28T02:44:24Z,,Perfecto Mobile,,Sprint-4,Sprint-5,
SQ-D-72,Improve payment retry logic,Story,Done,payments-squad,2026-08-24T13:15:00Z,2026-09-09T11:05:24Z,,Manual,,Sprint-4,Sprint-5,Sprint-6
SQ-D-73,Document card tokenization,Story,Done,payments-squad,2026-08-23T15:15:00Z,2026-08-26T03:15:00Z,,Selenium,,Sprint-4,Sprint-5,
SQ-D-74,Investigate refund workflow,Story,Done,payments-squad,2026-08-15T08:15:00Z,2026-08-19T20:43:48Z,,Manual,,Sprint-4,,
SQ-D-75,Refactor fraud rule tuning,Story,Done,payments-squad,2026-08-25T16:45:00Z,2026-09-02T17:28:12Z,,Selenium,,Sprint-4,Sprint-5,
SQ-D-76,Optimize settlement batch,Story,Done,payments-squad,2026-08-25T08:30:00Z,2026-09-02T17:51:36Z,,Swagger,,Sprint-4,Sprint-5,
SQ-D-77,Document fraud rule tuning,Story,Done,payments-squad,2026-08-19T14:30:00Z,2026-08-25T13:46:48Z,,Manual,,Sprint-4,,
SQ-A-74,Improve login rate limiting,Story,Done,auth-squad,2026-09-07T09:45:00Z,2026-09-23T19:49:48Z,,Selenium,,Sprint-5,Sprint-6,Sprint-7
SQ-A-75,Document login rate limiting,Story,Done,auth-squad,2026-08-31T09:00:00Z,2026-09-04T17:52:48Z,,Perfecto Mobile,,Sprint-5,,
SQ-A-76,Harden login rate limiting,Story,Done,auth-squad,2026-09-01T10:45:00Z,2026-09-03T18:54:36Z,,Manual,,Sprint-5,,
SQ-A-77,Improve session handling,Story,Done,auth-squad,2026-08-30T08:00:00Z,2026-09-04T14:00:00Z,,Selenium,,Sprint-5,,
SQ-A-78,Harden MFA enrollment,Story,Done,auth-squad,2026-09-08T17:45:00Z,2026-09-20T08:23:24Z,,Selenium,,Sprint-5,Sprint-6,
SQ-A-79,Harden credential rotation,Story,Done,auth-squad,2026-09-04T08:15:00Z,2026-09-13T22:24:36Z,,Swagger,,Sprint-5,Sprint-6,
SQ-A-80,Investigate token refresh,Story,Done,auth-squad,2026-08-27T17:15:00Z,2026-09-01T21:34:12Z,,Selenium,,Sprint-5,,
SQ-A-81,Fix MFA enrollment,Story,Done,auth-squad,2026-08-26T10:45:00Z,2026-09-04T18:11:24Z,,Swagger,,Sprint-5,,
SQ-A-82,Document token refresh,Story,Done,auth-squad,2026-08-30T15:15:00Z,2026-09-03T21:58:12Z,,Selenium,,Sprint-5,,
SQ-A-83,Fix password reset flow,Story,Done,auth-squad,2026-08-28T09:45:00Z,2026-09-05T02:47:24Z,,Selenium,,Sprint-5,,
SQ-A-84,Investigate token refresh,Story,Done,auth-squad,2026-09-05T13:00:00Z,2026-09-09T20:40:48Z,,Perfecto Mobile,,Sprint-5,Sprint-6,
SQ-A-85,Refactor token refresh,Story,Done,auth-squad,2026-09-06T10:30:00Z,2026-09-09T09:46:48Z,,Selenium,,Sprint-5,Sprint-6,
SQ-A-86,Document login rate limiting,Story,Done,auth-squad,2026-09-07T15:00:00Z,2026-09-14T04:55:12Z,,Selenium,,Sprint-5,Sprint-6,
SQ-A-87,Document login rate limiting,Story,Done,auth-squad,2026-09-04T09:00:00Z,2026-09-14T09:00:00Z,,Manual,,Sprint-5,Sprint-6,
SQ-A-88,Fix credential rotation,Story,Done,auth-squad,2026-09-07T14:00:00Z,2026-09-12T02:57:36Z,,Manual,,Sprint-5,Sprint-6,
SQ-A-89,Improve token refresh,Story,Done,auth-squad,2026-09-05T16:30:00Z,2026-09-14T07:37:12Z,,Manual,,Sprint-5,Sprint-6,
SQ-A-90,Improve MFA enrollment,Story,Done,auth-squad,2026-09-03T08:00:00Z,2026-09-07T18:19:12Z,,Perfecto Mobile,,Sprint-5,,
SQ-B-71,Investigate checkout widget,Story,Done,checkout-squad,2026-08-31T16:30:00Z,2026-09-04T16:30:00Z,,Postman,,Sprint-5,,
SQ-B-72,Improve checkout widget,Story,Done,checkout-squad,2026-08-30T17:00:00Z,2026-09-03T01:24:00Z,,Postman,,Sprint-5,,
SQ-B-73,Add cart persistence,Story,Done,checkout-squad,2026-09-04T17:30:00Z,2026-09-11T05:44:24Z,,Selenium,,Sprint-5,Sprint-6,
SQ-B-74,Optimize guest checkout,Story,Done,checkout-squad,2026-09-05T17:30:00Z,2026-09-13T20:51:36Z,,Postman,,Sprint-5,Sprint-6,
SQ-B-75,Refactor cart abandonment email,Story,Done,checkout-squad,2026-08-26T15:30:00Z,2026-08-31T01:34:48Z,,Manual,,Sprint-5,,
SQ-B-76,Optimize order summary,Story,Done,checkout-squad,2026-08-30T15:00:00Z,2026-09-02T21:14:24Z,,Manual,,Sprint-5,,
SQ-B-77,Harden order summary,Story,Done,checkout-squad,2026-08-29T13:15:00Z,2026-09-06T07:15:00Z,,Selenium,,Sprint-5,,
SQ-B-78,Investigate order summary,Story,Done,checkout-squad,2026-09-07T13:00:00Z,2026-09-13T06:31:12Z,,Selenium,,Sprint-5,Sprint-6,
SQ-B-79,Optimize checkout widget,Story,Done,checkout-squad,2026-08-28T09:00:00Z,2026-09-02T10:40:48Z,,Selenium,,Sprint-5,,
SQ-B-80,Document order summary,Story,Done,checkout-squad,2026-09-08T13:30:00Z,2026-09-11T19:58:48Z,,Selenium,,Sprint-5,Sprint-6,
SQ-B-81,Refactor checkout widget,Story,Done,checkout-squad,2026-09-02T08:00:00Z,2026-09-08T08:57:36Z,,Manual,,Sprint-5,,
SQ-B-82,Document discount code,Story,Done,checkout-squad,2026-08-31T08:00:00Z,2026-09-07T02:43:12Z,,Manual,,Sprint-5,,
SQ-B-83,Harden order summary,Story,Done,checkout-squad,2026-08-26T09:45:00Z,2026-08-30T12:37:48Z,,Selenium,,Sprint-5,,
SQ-B-84,Investigate cart persistence,Story,Done,checkout-squad,2026-08-26T14:00:00Z,2026-08-30T03:26:24Z,,Selenium,,Sprint-5,,
SQ-B-85,Fix checkout widget,Story,Done,checkout-squad,2026-09-03T15:30:00Z,2026-09-10T15:15:36Z,,Selenium,,Sprint-5,Sprint-6,
SQ-B-86,Improve checkout widget,Story,Done,checkout-squad,2026-09-01T13:30:00Z,2026-09-06T11:34:48Z,,Postman,,Sprint-5,,
SQ-D-78,Harden settlement batch,Story,Done,payments-squad,2026-09-01T16:00:00Z,2026-09-13T21:31:12Z,,Manual,,Sprint-5,Sprint-6,
SQ-D-79,Improve settlement batch,Story,Done,payments-squad,2026-09-02T10:15:00Z,2026-09-09T07:51:00Z,,Postman,,Sprint-5,Sprint-6,
SQ-D-80,Document payment retry logic,Story,Done,payments-squad,2026-09-06T12:30:00Z,2026-09-12T14:25:12Z,,Manual,,Sprint-5,Sprint-6,
SQ-D-81,Optimize refund workflow,Story,Done,payments-squad,2026-08-30T15:00:00Z,2026-09-07T00:21:36Z,,Selenium,,Sprint-5,,
SQ-D-82,Refactor payment retry logic,Story,Done,payments-squad,2026-09-07T08:45:00Z,2026-09-14T14:30:36Z,,Selenium,,Sprint-5,Sprint-6,
SQ-D-83,Optimize wallet linking,Story,Done,payments-squad,2026-09-04T15:15:00Z,2026-09-12T09:43:48Z,,Perfecto Mobile,,Sprint-5,Sprint-6,
SQ-D-84,Optimize wallet linking,Story,Done,payments-squad,2026-08-29T08:00:00Z,2026-09-03T20:43:12Z,,Manual,,Sprint-5,,
SQ-D-85,Document payment retry logic,Story,Done,payments-squad,2026-09-06T11:45:00Z,2026-09-13T09:06:36Z,,Perfecto Mobile,,Sprint-5,Sprint-6,
SQ-D-86,Document refund workflow,Story,Done,payments-squad,2026-08-26T10:15:00Z,2026-09-05T09:46:12Z,,Selenium,,Sprint-5,,
SQ-D-87,Harden payment retry logic,Story,Done,payments-squad,2026-08-31T10:45:00Z,2026-09-05T04:30:36Z,,Swagger,,Sprint-5,,
SQ-D-88,Investigate wallet linking,Story,Done,payments-squad,2026-09-08T12:45:00Z,2026-09-12T12:01:48Z,,Selenium,,Sprint-5,Sprint-6,
SQ-D-89,Document fraud rule tuning,Story,Done,payments-squad,2026-09-07T12:15:00Z,2026-09-13T10:05:24Z,,Manual,,Sprint-5,Sprint-6,
SQ-D-90,Optimize settlement batch,Story,Done,payments-squad,2026-09-07T12:30:00Z,2026-09-14T22:20:24Z,,Selenium,,Sprint-5,Sprint-6,
SQ-D-91,Fix fraud rule tuning,Story,Done,payments-squad,2026-09-07T10:30:00Z,2026-09-27T00:54:00Z,,Manual,,Sprint-5,Sprint-6,Sprint-7
SQ-D-92,Investigate refund workflow,Story,Done,payments-squad,2026-09-05T12:45:00Z,2026-09-14T03:37:48Z,,Perfecto Mobile,,Sprint-5,Sprint-6,
SQ-D-93,Refactor card tokenization,Story,Done,payments-squad,2026-08-30T10:00:00Z,2026-09-06T02:33:36Z,,Perfecto Mobile,,Sprint-5,,
SQ-D-94,Document card tokenization,Story,Done,payments-squad,2026-09-03T11:15:00Z,2026-09-18T04:31:48Z,,Perfecto Mobile,,Sprint-5,Sprint-6,
SQ-D-95,Improve settlement batch,Story,Done,payments-squad,2026-09-07T10:00:00Z,2026-09-17T05:40:48Z,,Postman,,Sprint-5,Sprint-6,
SQ-D-96,Investigate payment retry logic,Story,Done,payments-squad,2026-09-02T15:15:00Z,2026-09-06T22:27:00Z,,Selenium,,Sprint-5,,
SQ-A-91,Add token refresh,Story,Done,auth-squad,2026-09-19T17:15:00Z,2026-09-27T11:58:12Z,,Manual,,Sprint-6,Sprint-7,
SQ-A-92,Document token refresh,Story,Done,auth-squad,2026-09-22T10:00:00Z,2026-09-27T14:19:12Z,,Swagger,,Sprint-6,Sprint-7,
SQ-A-93,Fix MFA enrollment,Story,Done,auth-squad,2026-09-22T12:00:00Z,2026-10-08T14:38:24Z,,Selenium,,Sprint-6,Sprint-7,Sprint-8
SQ-A-94,Document MFA enrollment,Story,Done,auth-squad,2026-09-16T16:45:00Z,2026-09-19T18:25:48Z,,Selenium,,Sprint-6,,
SQ-A-95,Investigate password reset flow,Story,Done,auth-squad,2026-09-21T09:30:00Z,2026-09-27T01:34:48Z,,Selenium,,Sprint-6,Sprint-7,
SQ-A-96,Improve login rate limiting,Story,Done,auth-squad,2026-09-09T13:30:00Z,2026-09-17T14:56:24Z,,Postman,,Sprint-6,,
SQ-A-97,Improve token refresh,Story,Done,auth-squad,2026-09-15T14:30:00Z,2026-09-22T22:54:00Z,,Manual,,Sprint-6,,
SQ-A-98,Investigate MFA enrollment,Story,Done,auth-squad,2026-09-14T11:00:00Z,2026-09-18T08:07:12Z,,Selenium,,Sprint-6,,
SQ-A-99,Refactor session handling,Story,Done,auth-squad,2026-09-18T17:00:00Z,2026-09-23T14:07:12Z,,Perfecto Mobile,,Sprint-6,Sprint-7,
SQ-A-100,Investigate password reset flow,Story,Done,auth-squad,2026-09-10T15:30:00Z,2026-09-18T03:15:36Z,,Selenium,,Sprint-6,,
SQ-A-101,Improve credential rotation,Story,Done,auth-squad,2026-09-19T12:30:00Z,2026-09-23T06:30:00Z,,Selenium,,Sprint-6,Sprint-7,
SQ-A-102,Document login rate limiting,Story,Done,auth-squad,2026-09-16T17:30:00Z,2026-09-23T02:51:36Z,,Perfecto Mobile,,Sprint-6,Sprint-7,
SQ-A-103,Fix login rate limiting,Story,Done,auth-squad,2026-09-22T11:15:00Z,2026-09-29T05:43:48Z,,Manual,,Sprint-6,Sprint-7,
SQ-A-104,Refactor login rate limiting,Story,Done,auth-squad,2026-09-17T13:00:00Z,2026-09-20T10:36:00Z,,Manual,,Sprint-6,,
SQ-A-105,Refactor password reset flow,Story,Done,auth-squad,2026-09-11T10:30:00Z,2026-09-16T23:13:12Z,,Manual,,Sprint-6,,
SQ-B-87,Optimize order summary,Story,Done,checkout-squad,2026-09-10T16:45:00Z,2026-09-16T07:52:12Z,,Manual,,Sprint-6,,
SQ-B-88,Add order summary,Story,Done,checkout-squad,2026-09-09T16:45:00Z,2026-09-14T04:01:48Z,,Selenium,,Sprint-6,,
SQ-B-89,Harden cart abandonment email,Story,Done,checkout-squad,2026-09-22T08:15:00Z,2026-09-24T16:53:24Z,,Selenium,,Sprint-6,Sprint-7,
SQ-B-90,Investigate order summary,Story,Done,checkout-squad,2026-09-17T08:00:00Z,2026-09-23T02:43:12Z,,Selenium,,Sprint-6,Sprint-7,
SQ-B-91,Document order summary,Story,Done,checkout-squad,2026-09-21T10:45:00Z,2026-09-30T13:52:12Z,,Selenium,,Sprint-6,Sprint-7,
SQ-B-92,Improve guest checkout,Story,Done,checkout-squad,2026-09-10T16:15:00Z,2026-09-15T10:58:12Z,,Manual,,Sprint-6,,
SQ-B-93,Investigate order summary,Story,Done,checkout-squad,2026-09-17T10:15:00Z,2026-09-25T11:27:00Z,,Perfecto Mobile,,Sprint-6,Sprint-7,
SQ-B-94,Refactor order summary,Story,Done,checkout-squad,2026-09-20T16:45:00Z,2026-09-29T06:54:36Z,,Selenium,,Sprint-6,Sprint-7,
SQ-B-95,Fix cart persistence,Story,Done,checkout-squad,2026-09-11T12:15:00Z,2026-09-19T07:27:00Z,,Postman,,Sprint-6,,
SQ-B-96,Add order summary,Story,Done,checkout-squad,2026-09-15T17:00:00Z,2026-09-18T05:57:36Z,,Postman,,Sprint-6,,
SQ-B-97,Refactor guest checkout,Story,Done,checkout-squad,2026-09-19T08:15:00Z,2026-09-24T13:31:48Z,,Selenium,,Sprint-6,Sprint-7,
SQ-B-98,Harden guest checkout,Story,Done,checkout-squad,2026-09-21T08:15:00Z,2026-09-25T15:41:24Z,,Postman,,Sprint-6,Sprint-7,
SQ-B-99,Refactor order summary,Story,Done,checkout-squad,2026-09-21T13:15:00Z,2026-09-24T16:51:00Z,,Selenium,,Sprint-6,Sprint-7,
SQ-B-100,Document cart persistence,Story,Done,checkout-squad,2026-09-13T08:15:00Z,2026-09-18T18:19:48Z,,Selenium,,Sprint-6,,
SQ-B-101,Investigate order summary,Story,Done,checkout-squad,2026-09-19T14:30:00Z,2026-09-24T20:58:48Z,,Selenium,,Sprint-6,Sprint-7,
SQ-B-102,Improve order summary,Story,Done,checkout-squad,2026-09-21T16:45:00Z,2026-09-25T11:57:00Z,,Selenium,,Sprint-6,Sprint-7,
SQ-B-103,Refactor discount code,Story,Done,checkout-squad,2026-09-17T14:45:00Z,2026-09-20T16:25:48Z,,Selenium,,Sprint-6,,
SQ-B-104,Refactor cart persistence,Story,Done,checkout-squad,2026-09-14T09:45:00Z,2026-09-17T03:30:36Z,,Selenium,,Sprint-6,,
SQ-D-97,Refactor settlement batch,Story,Done,payments-squad,2026-09-19T17:00:00Z,2026-09-23T05:14:24Z,,Selenium,,Sprint-6,Sprint-7,
SQ-D-98,Refactor payment retry logic,Story,Done,payments-squad,2026-09-22T13:30:00Z,2026-09-24T16:22:48Z,,Selenium,,Sprint-6,Sprint-7,
SQ-D-99,Optimize wallet linking,Story,Done,payments-squad,2026-09-20T15:15:00Z,2026-09-28T06:22:12Z,,Manual,,Sprint-6,Sprint-7,
SQ-D-100,Investigate fraud rule tuning,Story,Done,payments-squad,2026-09-14T12:45:00Z,2026-09-21T17:18:36Z,,Selenium,,Sprint-6,,
SQ-D-101,Document fraud rule tuning,Story,Done,payments-squad,2026-09-17T15:45:00Z,2026-09-27T12:09:00Z,,Selenium,,Sprint-6,Sprint-7,
SQ-D-102,Improve card tokenization,Story,Done,payments-squad,2026-09-14T13:45:00Z,2026-10-03T08:28:12Z,,Selenium,,Sprint-6,Sprint-7,
SQ-D-103,Refactor settlement batch,Story,Done,payments-squad,2026-09-17T17:45:00Z,2026-09-21T07:25:48Z,,Manual,,Sprint-6,,
SQ-D-104,Harden fraud rule tuning,Story,Done,payments-squad,2026-09-22T11:45:00Z,2026-10-02T00:57:00Z,,Swagger,,Sprint-6,Sprint-7,
SQ-D-105,Harden wallet linking,Story,Done,payments-squad,2026-09-22T15:45:00Z,2026-09-30T12:23:24Z,,Selenium,,Sprint-6,Sprint-7,
SQ-D-106,Add refund workflow,Story,Done,payments-squad,2026-09-20T16:45:00Z,2026-09-29T19:23:24Z,,Selenium,,Sprint-6,Sprint-7,
SQ-D-107,Refactor card tokenization,Story,Done,payments-squad,2026-09-22T09:00:00Z,2026-09-27T16:12:00Z,,Perfecto Mobile,,Sprint-6,Sprint-7,
SQ-D-108,Document payment retry logic,Story,Done,payments-squad,2026-09-11T08:15:00Z,2026-09-16T08:00:36Z,,Manual,,Sprint-6,,
SQ-D-109,Investigate refund workflow,Story,Done,payments-squad,2026-09-09T08:45:00Z,2026-09-25T02:59:24Z,,Selenium,,Sprint-6,Sprint-7,
SQ-D-110,Fix card tokenization,Story,Done,payments-squad,2026-09-09T16:45:00Z,2026-09-18T23:28:12Z,,Manual,,Sprint-6,,
SQ-D-111,Harden fraud rule tuning,Story,Done,payments-squad,2026-09-11T11:15:00Z,2026-09-15T11:43:48Z,,Manual,,Sprint-6,,
SQ-D-112,Refactor fraud rule tuning,Story,Done,payments-squad,2026-09-10T13:45:00Z,2026-09-14T12:33:00Z,,Perfecto Mobile,,Sprint-6,,
SQ-D-113,Document card tokenization,Story,Done,payments-squad,2026-09-22T09:00:00Z,2026-09-27T09:43:12Z,,Postman,,Sprint-6,Sprint-7,
SQ-D-114,Harden refund workflow,Story,Done,payments-squad,2026-09-09T10:00:00Z,2026-09-14T21:16:48Z,,Selenium,,Sprint-6,,
SQ-A-106,Document MFA enrollment,Story,Done,auth-squad,2026-09-23T11:15:00Z,2026-10-01T00:12:36Z,,Selenium,,Sprint-7,,
SQ-A-107,Add token refresh,Story,Done,auth-squad,2026-09-24T12:00:00Z,2026-10-03T07:12:00Z,,Postman,,Sprint-7,,
SQ-A-108,Optimize password reset flow,Story,Done,auth-squad,2026-09-25T14:00:00Z,2026-10-02T02:14:24Z,,Manual,,Sprint-7,,
SQ-A-109,Fix login rate limiting,Story,Done,auth-squad,2026-09-28T14:15:00Z,2026-10-06T02:29:24Z,,Swagger,,Sprint-7,,
SQ-A-110,Harden login rate limiting,Story,Done,auth-squad,2026-09-28T08:00:00Z,2026-10-07T01:02:24Z,,Swagger,,Sprint-7,Sprint-8,
SQ-A-111,Investigate credential rotation,Story,Done,auth-squad,2026-10-02T17:45:00Z,2026-10-07T08:23:24Z,,Manual,,Sprint-7,Sprint-8,
SQ-A-112,Optimize session handling,Story,Done,auth-squad,2026-09-26T13:45:00Z,2026-10-04T00:18:36Z,,Swagger,,Sprint-7,,
SQ-A-113,Improve credential rotation,Story,Done,auth-squad,2026-10-02T12:15:00Z,2026-10-05T04:05:24Z,,Perfecto Mobile,,Sprint-7,,
SQ-A-114,Add MFA enrollment,Story,Done,auth-squad,2026-10-05T10:45:00Z,2026-10-08T07:09:00Z,,Manual,,Sprint-7,Sprint-8,
SQ-A-115,Document login rate limiting,Story,Done,auth-squad,2026-09-28T12:00:00Z,2026-10-02T00:00:00Z,,Manual,,Sprint-7,,
SQ-A-116,Fix login rate limiting,Story,Done,auth-squad,2026-10-01T14:00:00Z,2026-10-15T18:33:36Z,,Postman,,Sprint-7,Sprint-8,
SQ-A-117,Fix password reset flow,Story,Done,auth-squad,2026-10-05T13:45:00Z,2026-10-20T07:01:48Z,,Manual,,Sprint-7,Sprint-8,
SQ-A-118,Investigate MFA enrollment,Story,Done,auth-squad,2026-09-26T17:15:00Z,2026-09-30T01:53:24Z,,Selenium,,Sprint-7,,
SQ-A-119,Investigate credential rotation,Story,Done,auth-squad,2026-09-30T10:00:00Z,2026-10-04T15:02:24Z,,Selenium,,Sprint-7,,
SQ-A-120,Refactor credential rotation,Story,Done,auth-squad,2026-09-28T12:15:00Z,2026-10-04T11:31:48Z,,Selenium,,Sprint-7,,
SQ-A-121,Optimize MFA enrollment,Story,Done,auth-squad,2026-09-25T12:00:00Z,2026-09-30T03:50:24Z,,Manual,,Sprint-7,,
SQ-A-122,Refactor credential rotation,Story,Done,auth-squad,2026-09-28T14:15:00Z,2026-10-05T10:10:12Z,,Selenium,,Sprint-7,,
SQ-A-123,Document login rate limiting,Story,Done,auth-squad,2026-09-25T14:30:00Z,2026-10-03T03:56:24Z,,Selenium,,Sprint-7,,
SQ-A-124,Fix login rate limiting,Story,Done,auth-squad,2026-09-28T14:30:00Z,2026-10-03T17:51:36Z,,Selenium,,Sprint-7,,
SQ-B-105,Refactor order summary,Story,Done,checkout-squad,2026-10-01T10:00:00Z,2026-10-07T02:33:36Z,,Selenium,,Sprint-7,Sprint-8,
SQ-B-106,Investigate checkout widget,Story,Done,checkout-squad,2026-10-06T09:45:00Z,2026-10-09T12:23:24Z,,Selenium,,Sprint-7,Sprint-8,
SQ-B-107,Document guest checkout,Story,Done,checkout-squad,2026-10-03T10:45:00Z,2026-10-06T00:54:36Z,,Manual,,Sprint-7,,
SQ-B-108,Harden cart abandonment email,Story,Done,checkout-squad,2026-10-01T16:45:00Z,2026-10-10T00:40:12Z,,Manual,,Sprint-7,Sprint-8,
SQ-B-109,Harden checkout widget,Story,Done,checkout-squad,2026-10-02T09:00:00Z,2026-10-09T15:14:24Z,,Postman,,Sprint-7,Sprint-8,
SQ-B-110,Optimize cart persistence,Story,Done,checkout-squad,2026-10-02T08:45:00Z,2026-10-07T00:21:00Z,,Selenium,,Sprint-7,Sprint-8,
SQ-B-111,Refactor order summary,Story,Done,checkout-squad,2026-09-24T12:15:00Z,2026-09-30T15:51:00Z,,Selenium,,Sprint-7,,
SQ-B-112,Fix discount code,Story,Done,checkout-squad,2026-09-29T15:15:00Z,2026-10-01T20:03:00Z,,Manual,,Sprint-7,,
SQ-B-113,Refactor guest checkout,Story,Done,checkout-squad,2026-09-24T09:15:00Z,2026-09-29T03:00:36Z,,Manual,,Sprint-7,,
SQ-B-114,Harden cart persistence,Story,Done,checkout-squad,2026-09-28T15:00:00Z,2026-10-06T04:40:48Z,,Selenium,,Sprint-7,,
SQ-B-115,Improve cart abandonment email,Story,Done,checkout-squad,2026-09-23T09:00:00Z,2026-09-30T13:19:12Z,,Selenium,,Sprint-7,,
SQ-B-116,Document checkout widget,Story,Done,checkout-squad,2026-10-01T10:15:00Z,2026-10-06T20:05:24Z,,Manual,,Sprint-7,,
SQ-B-117,Add cart abandonment email,Story,Done,checkout-squad,2026-10-03T10:15:00Z,2026-10-08T21:17:24Z,,Postman,,Sprint-7,Sprint-8,
SQ-B-118,Refactor discount code,Story,Done,checkout-squad,2026-09-26T15:45:00Z,2026-10-04T07:06:36Z,,Swagger,,Sprint-7,,
SQ-B-119,Harden discount code,Story,Done,checkout-squad,2026-10-04T09:00:00Z,2026-10-10T16:12:00Z,,Selenium,,Sprint-7,Sprint-8,
SQ-B-120,Harden guest checkout,Story,Done,checkout-squad,2026-09-30T09:30:00Z,2026-10-06T07:34:48Z,,Selenium,,Sprint-7,,
SQ-B-121,Improve cart abandonment email,Story,Done,checkout-squad,2026-10-02T14:00:00Z,2026-10-11T08:14:24Z,,Perfecto Mobile,,Sprint-7,Sprint-8,
SQ-B-122,Refactor discount code,Story,Done,checkout-squad,2026-10-05T12:00:00Z,2026-10-10T00:14:24Z,,Selenium,,Sprint-7,Sprint-8,
SQ-B-123,Improve guest checkout,Story,Done,checkout-squad,2026-09-25T13:15:00Z,2026-09-30T21:39:00Z,,Selenium,,Sprint-7,,
SQ-D-115,Improve wallet linking,Story,Done,payments-squad,2026-09-25T15:15:00Z,2026-10-01T13:19:48Z,,Selenium,,Sprint-7,,
SQ-D-116,Document wallet linking,Story,Done,payments-squad,2026-10-06T15:00:00Z,2026-10-16T05:38:24Z,,Selenium,,Sprint-7,Sprint-8,
SQ-D-117,Document settlement batch,Story,Done,payments-squad,2026-10-06T14:45:00Z,2026-10-12T13:04:12Z,,Selenium,,Sprint-7,Sprint-8,
SQ-D-118,Add fraud rule tuning,Story,Done,payments-squad,2026-09-24T17:00:00Z,2026-09-28T11:14:24Z,,Selenium,,Sprint-7,,
SQ-D-119,Document refund workflow,Story,Done,payments-squad,2026-10-01T12:15:00Z,2026-10-08T00:58:12Z,,Manual,,Sprint-7,Sprint-8,
SQ-D-120,Harden refund workflow,Story,Done,payments-squad,2026-09-24T17:00:00Z,2026-10-01T01:09:36Z,,Swagger,,Sprint-7,,
SQ-D-121,Refactor fraud rule tuning,Story,Done,payments-squad,2026-09-23T15:15:00Z,2026-09-26T10:55:48Z,,Selenium,,Sprint-7,,
SQ-D-122,Fix wallet linking,Story,Done,payments-squad,2026-09-30T12:30:00Z,2026-10-03T05:18:00Z,,Selenium,,Sprint-7,,
SQ-D-123,Optimize wallet linking,Story,Done,payments-squad,2026-10-05T17:30:00Z,2026-10-12T14:37:12Z,,Postman,,Sprint-7,Sprint-8,
SQ-D-124,Investigate refund workflow,Story,Done,payments-squad,2026-09-25T11:15:00Z,2026-10-02T00:41:24Z,,Manual,,Sprint-7,,
SQ-D-125,Fix wallet linking,Story,Done,payments-squad,2026-09-25T13:30:00Z,2026-09-29T16:51:36Z,,Swagger,,Sprint-7,,
SQ-D-126,Improve payment retry logic,Story,Done,payments-squad,2026-10-05T14:00:00Z,2026-10-14T12:33:36Z,,Selenium,,Sprint-7,Sprint-8,
SQ-D-127,Optimize settlement batch,Story,Done,payments-squad,2026-09-26T10:30:00Z,2026-10-04T12:39:36Z,,Selenium,,Sprint-7,,
SQ-D-128,Fix settlement batch,Story,Done,payments-squad,2026-10-02T12:45:00Z,2026-10-05T03:09:00Z,,Manual,,Sprint-7,,
SQ-D-129,Add payment retry logic,Story,Done,payments-squad,2026-10-04T12:30:00Z,2026-10-10T10:06:00Z,,Selenium,,Sprint-7,Sprint-8,
SQ-D-130,Optimize wallet linking,Story,Done,payments-squad,2026-10-04T15:30:00Z,2026-10-13T00:22:48Z,,Manual,,Sprint-7,Sprint-8,
SQ-D-131,Harden refund workflow,Story,Done,payments-squad,2026-10-06T11:45:00Z,2026-10-15T02:52:12Z,,Manual,,Sprint-7,Sprint-8,
SQ-D-132,Add card tokenization,Story,Done,payments-squad,2026-09-25T17:45:00Z,2026-10-04T21:21:00Z,,Selenium,,Sprint-7,,
SQ-A-125,Document credential rotation,Story,Done,auth-squad,2026-10-19T15:00:00Z,2026-10-28T11:38:24Z,,Selenium,,Sprint-8,Sprint-9,
SQ-A-126,Investigate session handling,Story,Done,auth-squad,2026-10-13T11:15:00Z,2026-10-17T21:05:24Z,,Postman,,Sprint-8,,
SQ-A-127,Improve session handling,Story,Done,auth-squad,2026-10-12T12:00:00Z,2026-10-21T17:31:12Z,,Manual,,Sprint-8,Sprint-9,
SQ-A-128,Fix session handling,Story,Done,auth-squad,2026-10-17T12:15:00Z,2026-10-20T05:46:12Z,,Selenium,,Sprint-8,,
SQ-A-129,Document session handling,Story,Done,auth-squad,2026-10-14T09:15:00Z,2026-10-20T13:05:24Z,,Selenium,,Sprint-8,,
SQ-A-130,Improve credential rotation,Story,Done,auth-squad,2026-10-18T13:00:00Z,2026-10-23T22:07:12Z,,Selenium,,Sprint-8,Sprint-9,
SQ-A-131,Harden MFA enrollment,Story,Done,auth-squad,2026-10-10T14:00:00Z,2026-10-13T09:40:48Z,,Selenium,,Sprint-8,,
SQ-A-132,Fix login rate limiting,Story,Done,auth-squad,2026-10-09T14:15:00Z,2026-10-17T00:19:48Z,,Manual,,Sprint-8,,
SQ-A-133,Improve credential rotation,Story,Done,auth-squad,2026-10-07T17:15:00Z,2026-10-15T11:58:12Z,,Postman,,Sprint-8,,
SQ-A-134,Fix login rate limiting,Story,Done,auth-squad,2026-10-17T15:15:00Z,2026-10-20T10:27:00Z,,Perfecto Mobile,,Sprint-8,,
SQ-A-135,Investigate password reset flow,Story,Done,auth-squad,2026-10-13T13:45:00Z,2026-10-16T16:37:48Z,,Selenium,,Sprint-8,,
SQ-A-136,Investigate token refresh,Story,Done,auth-squad,2026-10-10T16:30:00Z,2026-10-18T04:58:48Z,,Manual,,Sprint-8,,
SQ-A-137,Add token refresh,Story,Done,auth-squad,2026-10-16T16:15:00Z,2026-10-21T00:53:24Z,,Manual,,Sprint-8,Sprint-9,
SQ-A-138,Add MFA enrollment,Story,Done,auth-squad,2026-10-13T09:15:00Z,2026-10-20T03:15:00Z,,Selenium,,Sprint-8,,
SQ-A-139,Document session handling,Story,Done,auth-squad,2026-10-09T14:45:00Z,2026-10-17T01:47:24Z,,Selenium,,Sprint-8,,
SQ-A-140,Add credential rotation,Story,Done,auth-squad,2026-10-16T09:00:00Z,2026-10-18T16:40:48Z,,Manual,,Sprint-8,,
SQ-A-141,Improve MFA enrollment,Story,Done,auth-squad,2026-10-11T16:45:00Z,2026-10-16T22:01:48Z,,Selenium,,Sprint-8,,
SQ-A-142,Harden credential rotation,Story,Done,auth-squad,2026-10-11T09:15:00Z,2026-10-14T15:00:36Z,,Postman,,Sprint-8,,
SQ-A-143,Refactor session handling,Story,Done,auth-squad,2026-10-17T09:30:00Z,2026-10-25T05:39:36Z,,Selenium,,Sprint-8,Sprint-9,
SQ-A-144,Investigate password reset flow,Story,Done,auth-squad,2026-10-08T14:00:00Z,2026-10-15T10:52:48Z,,Perfecto Mobile,,Sprint-8,,
SQ-B-124,Add checkout widget,Story,Done,checkout-squad,2026-10-18T10:00:00Z,2026-10-30T15:31:12Z,,Manual,,Sprint-8,Sprint-9,
SQ-B-125,Investigate cart abandonment email,Story,Done,checkout-squad,2026-10-12T16:30:00Z,2026-10-15T16:58:48Z,,Selenium,,Sprint-8,,
SQ-B-126,Fix discount code,Story,Done,checkout-squad,2026-10-19T08:30:00Z,2026-10-23T12:49:12Z,,Perfecto Mobile,,Sprint-8,Sprint-9,
SQ-B-127,Document guest checkout,Story,Done,checkout-squad,2026-10-16T09:45:00Z,2026-10-21T06:52:12Z,,Selenium,,Sprint-8,Sprint-9,
SQ-B-128,Fix checkout widget,Story,Done,checkout-squad,2026-10-12T10:30:00Z,2026-10-21T14:06:00Z,,Perfecto Mobile,,Sprint-8,Sprint-9,
SQ-B-129,Add order summary,Story,Done,checkout-squad,2026-10-15T08:00:00Z,2026-10-17T10:24:00Z,,Selenium,,Sprint-8,,
SQ-B-130,Optimize checkout widget,Story,Done,checkout-squad,2026-10-13T10:15:00Z,2026-10-22T06:53:24Z,,Selenium,,Sprint-8,Sprint-9,
SQ-B-131,Harden cart persistence,Story,Done,checkout-squad,2026-10-10T14:30:00Z,2026-10-13T05:22:48Z,,Manual,,Sprint-8,,
SQ-B-132,Add order summary,Story,Done,checkout-squad,2026-10-17T08:15:00Z,2026-10-23T11:22:12Z,,Selenium,,Sprint-8,Sprint-9,
SQ-B-133,Add discount code,Story,Done,checkout-squad,2026-10-14T12:30:00Z,2026-10-20T22:34:48Z,,Selenium,,Sprint-8,,
SQ-B-134,Harden guest checkout,Story,Done,checkout-squad,2026-10-11T17:30:00Z,2026-10-15T16:03:36Z,,Manual,,Sprint-8,,
SQ-B-135,Add checkout widget,Story,Done,checkout-squad,2026-10-19T11:15:00Z,2026-10-28T22:17:24Z,,Manual,,Sprint-8,Sprint-9,
SQ-B-136,Investigate cart persistence,Story,Done,checkout-squad,2026-10-12T08:30:00Z,2026-10-29T06:34:48Z,,Selenium,,Sprint-8,Sprint-9,
SQ-B-137,Improve cart abandonment email,Story,Done,checkout-squad,2026-10-15T11:45:00Z,2026-10-17T23:16:12Z,,Selenium,,Sprint-8,,
SQ-B-138,Harden order summary,Story,Done,checkout-squad,2026-10-08T08:15:00Z,2026-10-14T12:05:24Z,,Swagger,,Sprint-8,,
SQ-B-139,Optimize cart persistence,Story,Done,checkout-squad,2026-10-08T17:00:00Z,2026-10-15T19:24:00Z,,Postman,,Sprint-8,,
SQ-B-140,Investigate discount code,Story,Done,checkout-squad,2026-10-16T08:45:00Z,2026-10-19T09:57:00Z,,Selenium,,Sprint-8,,
SQ-B-141,Fix checkout widget,Story,Done,checkout-squad,2026-10-19T14:30:00Z,2026-10-23T18:49:12Z,,Selenium,,Sprint-8,Sprint-9,
SQ-B-142,Document discount code,Story,Done,checkout-squad,2026-10-19T17:00:00Z,2026-10-23T00:26:24Z,,Manual,,Sprint-8,Sprint-9,
SQ-B-143,Investigate order summary,Story,Done,checkout-squad,2026-10-08T16:30:00Z,2026-10-12T08:20:24Z,,Selenium,,Sprint-8,,
SQ-D-133,Add wallet linking,Story,Done,payments-squad,2026-10-08T10:30:00Z,2026-10-16T00:25:12Z,,Selenium,,Sprint-8,,
SQ-D-134,Add payment retry logic,Story,Done,payments-squad,2026-10-09T09:15:00Z,2026-10-14T13:19:48Z,,Selenium,,Sprint-8,,
SQ-D-135,Refactor card tokenization,Story,Done,payments-squad,2026-10-11T10:00:00Z,2026-10-20T06:09:36Z,,Manual,,Sprint-8,,
SQ-D-136,Refactor wallet linking,Story,Done,payments-squad,2026-10-08T10:00:00Z,2026-10-26T21:16:48Z,,Selenium,,Sprint-8,Sprint-9,
SQ-D-137,Fix refund workflow,Story,Done,payments-squad,2026-10-20T14:30:00Z,2026-10-30T02:30:00Z,,Postman,,Sprint-8,Sprint-9,
SQ-D-138,Document wallet linking,Story,Done,payments-squad,2026-10-11T09:00:00Z,2026-10-14T22:55:12Z,,Selenium,,Sprint-8,,
SQ-D-139,Improve refund workflow,Story,Done,payments-squad,2026-10-20T13:00:00Z,2026-11-04T16:36:00Z,,Manual,,Sprint-8,Sprint-9,Sprint-10
SQ-D-140,Improve fraud rule tuning,Story,Done,payments-squad,2026-10-20T14:45:00Z,2026-11-06T18:21:00Z,,Selenium,,Sprint-8,Sprint-9,Sprint-10
SQ-D-141,Refactor payment retry logic,Story,Done,payments-squad,2026-10-09T12:30:00Z,2026-10-12T17:03:36Z,,Selenium,,Sprint-8,,
SQ-D-142,Improve settlement batch,Story,Done,payments-squad,2026-10-14T14:45:00Z,2026-10-28T03:13:48Z,,Selenium,,Sprint-8,Sprint-9,
SQ-D-143,Add settlement batch,Story,Done,payments-squad,2026-10-17T16:15:00Z,2026-10-26T02:19:48Z,,Perfecto Mobile,,Sprint-8,Sprint-9,
SQ-D-144,Harden settlement batch,Story,Done,payments-squad,2026-10-12T15:45:00Z,2026-10-19T04:28:12Z,,Selenium,,Sprint-8,,
SQ-D-145,Investigate card tokenization,Story,Done,payments-squad,2026-10-09T08:30:00Z,2026-10-11T14:01:12Z,,Manual,,Sprint-8,,
SQ-D-146,Refactor fraud rule tuning,Story,Done,payments-squad,2026-10-15T13:15:00Z,2026-10-18T08:27:00Z,,Manual,,Sprint-8,,
SQ-D-147,Optimize fraud rule tuning,Story,Done,payments-squad,2026-10-20T08:15:00Z,2026-10-30T04:53:24Z,,Selenium,,Sprint-8,Sprint-9,
SQ-A-145,Add password reset flow,Story,Done,auth-squad,2026-10-24T17:30:00Z,2026-11-01T07:25:12Z,,Perfecto Mobile,,Sprint-9,,
SQ-A-146,Document login rate limiting,Story,Done,auth-squad,2026-10-26T17:15:00Z,2026-10-30T05:29:24Z,,Selenium,,Sprint-9,,
SQ-A-147,Refactor session handling,Story,Done,auth-squad,2026-10-23T15:00:00Z,2026-10-27T11:38:24Z,,Manual,,Sprint-9,,
SQ-A-148,Improve MFA enrollment,Story,Done,auth-squad,2026-10-28T08:30:00Z,2026-10-31T23:08:24Z,,Perfecto Mobile,,Sprint-9,,
SQ-A-149,Improve session handling,Story,Done,auth-squad,2026-10-23T13:00:00Z,2026-11-08T19:43:12Z,,Manual,,Sprint-9,Sprint-10,
SQ-A-150,Optimize login rate limiting,Story,Done,auth-squad,2026-11-03T13:00:00Z,2026-11-13T01:57:36Z,,Selenium,,Sprint-9,Sprint-10,
SQ-A-151,Optimize password reset flow,Story,Done,auth-squad,2026-10-26T12:30:00Z,2026-10-29T18:44:24Z,,Manual,,Sprint-9,,
SQ-A-152,Harden token refresh,Story,Done,auth-squad,2026-10-31T13:15:00Z,2026-11-07T01:15:00Z,,Perfecto Mobile,,Sprint-9,Sprint-10,
SQ-A-153,Improve token refresh,Story,Done,auth-squad,2026-10-30T10:45:00Z,2026-11-06T22:59:24Z,,Perfecto Mobile,,Sprint-9,Sprint-10,
SQ-A-154,Add token refresh,Story,Done,auth-squad,2026-10-21T17:45:00Z,2026-10-29T21:49:48Z,,Postman,,Sprint-9,,
SQ-A-155,Document token refresh,Story,Done,auth-squad,2026-10-26T17:15:00Z,2026-10-29T13:10:12Z,,Selenium,,Sprint-9,,
SQ-A-156,Fix password reset flow,Story,Done,auth-squad,2026-11-01T09:15:00Z,2026-11-05T22:41:24Z,,Perfecto Mobile,,Sprint-9,Sprint-10,
SQ-A-157,Fix MFA enrollment,Story,Done,auth-squad,2026-10-31T13:45:00Z,2026-11-13T11:06:36Z,,Selenium,,Sprint-9,Sprint-10,
SQ-A-158,Optimize token refresh,Story,Done,auth-squad,2026-11-02T09:00:00Z,2026-11-17T07:33:36Z,,Manual,,Sprint-9,Sprint-10,
SQ-A-159,Document login rate limiting,Story,Done,auth-squad,2026-10-28T14:30:00Z,2026-10-31T09:56:24Z,,Postman,,Sprint-9,,
SQ-A-160,Add MFA enrollment,Story,Done,auth-squad,2026-11-02T11:15:00Z,2026-11-10T20:36:36Z,,Selenium,,Sprint-9,Sprint-10,
SQ-B-144,Improve cart abandonment email,Story,Done,checkout-squad,2026-10-25T09:00:00Z,2026-11-03T11:24:00Z,,Selenium,,Sprint-9,,
SQ-B-145,Document cart abandonment email,Story,Done,checkout-squad,2026-10-29T09:30:00Z,2026-11-05T07:20:24Z,,Selenium,,Sprint-9,Sprint-10,
SQ-B-146,Refactor checkout widget,Story,Done,checkout-squad,2026-10-27T10:45:00Z,2026-10-30T06:11:24Z,,Manual,,Sprint-9,,
SQ-B-147,Fix cart persistence,Story,Done,checkout-squad,2026-11-01T16:30:00Z,2026-11-06T01:37:12Z,,Manual,,Sprint-9,Sprint-10,
SQ-B-148,Optimize cart persistence,Story,Done,checkout-squad,2026-10-30T16:45:00Z,2026-11-04T14:06:36Z,,Selenium,,Sprint-9,Sprint-10,
SQ-B-149,Improve cart abandonment email,Story,Done,checkout-squad,2026-11-03T17:45:00Z,2026-11-05T22:47:24Z,,Selenium,,Sprint-9,Sprint-10,
SQ-B-150,Document cart abandonment email,Story,Done,checkout-squad,2026-10-22T15:00:00Z,2026-10-27T19:19:12Z,,Selenium,,Sprint-9,,
SQ-B-151,Harden checkout widget,Story,Done,checkout-squad,2026-10-22T16:45:00Z,2026-10-31T18:40:12Z,,Manual,,Sprint-9,,
SQ-B-152,Investigate guest checkout,Story,Done,checkout-squad,2026-10-21T12:45:00Z,2026-10-25T08:11:24Z,,Selenium,,Sprint-9,,
SQ-B-153,Optimize guest checkout,Story,Done,checkout-squad,2026-10-23T09:00:00Z,2026-10-31T20:16:48Z,,Selenium,,Sprint-9,,
SQ-B-154,Document guest checkout,Story,Done,checkout-squad,2026-10-29T08:45:00Z,2026-11-03T17:09:00Z,,Selenium,,Sprint-9,,
SQ-B-155,Add guest checkout,Story,Done,checkout-squad,2026-10-28T12:00:00Z,2026-11-06T07:55:12Z,,Manual,,Sprint-9,Sprint-10,
SQ-B-156,Improve checkout widget,Story,Done,checkout-squad,2026-10-29T17:15:00Z,2026-11-06T18:41:24Z,,Selenium,,Sprint-9,Sprint-10,
SQ-B-157,Optimize checkout widget,Story,Done,checkout-squad,2026-11-02T11:15:00Z,2026-11-14T04:17:24Z,,Postman,,Sprint-9,Sprint-10,
SQ-B-158,Fix cart persistence,Story,Done,checkout-squad,2026-10-23T17:30:00Z,2026-10-31T13:10:48Z,,Selenium,,Sprint-9,,
SQ-B-159,Add cart abandonment email,Story,Done,checkout-squad,2026-10-29T14:30:00Z,2026-11-04T18:20:24Z,,Postman,,Sprint-9,Sprint-10,
SQ-B-160,Fix cart persistence,Story,Done,checkout-squad,2026-10-30T16:45:00Z,2026-11-02T21:33:00Z,,Manual,,Sprint-9,,
SQ-D-148,Document refund workflow,Story,Done,payments-squad,2026-11-02T12:30:00Z,2026-11-06T15:08:24Z,,Postman,,Sprint-9,Sprint-10,
SQ-D-149,Optimize card tokenization,Story,Done,payments-squad,2026-10-28T08:15:00Z,2026-10-31T11:51:00Z,,Manual,,Sprint-9,,
SQ-D-150,Harden card tokenization,Story,Done,payments-squad,2026-10-26T11:00:00Z,2026-11-04T19:52:48Z,,Selenium,,Sprint-9,Sprint-10,
SQ-D-151,Fix wallet linking,Story,Done,payments-squad,2026-11-03T12:30:00Z,2026-11-09T10:49:12Z,,Selenium,,Sprint-9,Sprint-10,
SQ-D-152,Fix wallet linking,Story,Done,payments-squad,2026-10-25T15:30:00Z,2026-10-30T23:25:12Z,,Manual,,Sprint-9,,
SQ-D-153,Add refund workflow,Story,Done,payments-squad,2026-10-24T14:45:00Z,2026-11-02T13:18:36Z,,Selenium,,Sprint-9,,
SQ-D-154,Add wallet linking,Story,Done,payments-squad,2026-10-22T12:45:00Z,2026-10-31T08:11:24Z,,Selenium,,Sprint-9,,
SQ-D-155,Harden payment retry logic,Story,Done,payments-squad,2026-11-03T11:00:00Z,2026-11-09T02:36:00Z,,Selenium,,Sprint-9,Sprint-10,
SQ-D-156,Fix payment retry logic,Story,Done,payments-squad,2026-10-25T13:45:00Z,2026-11-01T15:40:12Z,,Selenium,,Sprint-9,,
SQ-D-157,Document refund workflow,Story,Done,payments-squad,2026-10-24T13:45:00Z,2026-10-27T23:49:48Z,,Manual,,Sprint-9,,
SQ-D-158,Fix fraud rule tuning,Story,Done,payments-squad,2026-10-26T13:15:00Z,2026-10-30T14:55:48Z,,Selenium,,Sprint-9,,
SQ-D-159,Refactor wallet linking,Story,Done,payments-squad,2026-10-27T08:15:00Z,2026-11-04T14:00:36Z,,Postman,,Sprint-9,Sprint-10,
SQ-D-160,Add settlement batch,Story,Done,payments-squad,2026-10-24T11:30:00Z,2026-10-30T14:08:24Z,,Selenium,,Sprint-9,,
SQ-D-161,Investigate payment retry logic,Story,Done,payments-squad,2026-10-31T10:00:00Z,2026-11-07T06:52:48Z,,Perfecto Mobile,,Sprint-9,Sprint-10,
SQ-D-162,Document fraud rule tuning,Story,Done,payments-squad,2026-10-31T12:45:00Z,2026-11-09T08:11:24Z,,Selenium,,Sprint-9,Sprint-10,
SQ-A-161,Harden login rate limiting,Story,Done,auth-squad,2026-11-08T16:45:00Z,2026-11-10T18:11:24Z,,Postman,,Sprint-10,,
SQ-A-162,Fix MFA enrollment,Story,Done,auth-squad,2026-11-13T17:30:00Z,2026-11-16T14:08:24Z,,Selenium,,Sprint-10,,
SQ-A-163,Investigate token refresh,Story,Done,auth-squad,2026-11-14T13:30:00Z,2026-11-22T06:03:36Z,,Selenium,,Sprint-10,Sprint-11,
SQ-A-164,Optimize password reset flow,Story,Done,auth-squad,2026-11-12T11:00:00Z,2026-11-20T21:04:48Z,,Selenium,,Sprint-10,Sprint-11,
SQ-A-165,Investigate credential rotation,Story,Done,auth-squad,2026-11-14T10:00:00Z,2026-11-24T09:31:12Z,,Manual,,Sprint-10,Sprint-11,
SQ-A-166,Document password reset flow,Story,Done,auth-squad,2026-11-10T08:15:00Z,2026-11-18T01:17:24Z,,Selenium,,Sprint-10,Sprint-11,
SQ-A-167,Improve MFA enrollment,Story,Done,auth-squad,2026-11-12T12:15:00Z,2026-11-21T12:29:24Z,,Selenium,,Sprint-10,Sprint-11,
SQ-A-168,Improve password reset flow,Story,Done,auth-squad,2026-11-11T10:30:00Z,2026-11-17T21:46:48Z,,Selenium,,Sprint-10,,
SQ-A-169,Investigate credential rotation,Story,Done,auth-squad,2026-11-14T09:15:00Z,2026-11-22T08:03:00Z,,Selenium,,Sprint-10,Sprint-11,
SQ-A-170,Add password reset flow,Story,Done,auth-squad,2026-11-09T12:30:00Z,2026-11-12T11:03:36Z,,Manual,,Sprint-10,,
SQ-A-171,Fix password reset flow,Story,Done,auth-squad,2026-11-13T17:00:00Z,2026-11-17T06:26:24Z,,Selenium,,Sprint-10,,
SQ-A-172,Improve token refresh,Story,Done,auth-squad,2026-11-12T12:45:00Z,2026-12-01T05:18:36Z,,Selenium,,Sprint-10,Sprint-11,
SQ-A-173,Improve session handling,Story,Done,auth-squad,2026-11-10T17:45:00Z,2026-11-19T15:21:00Z,,Manual,,Sprint-10,Sprint-11,
SQ-A-174,Investigate token refresh,Story,Done,auth-squad,2026-11-09T10:30:00Z,2026-11-11T11:27:36Z,,Swagger,,Sprint-10,,
SQ-A-175,Fix token refresh,Story,Done,auth-squad,2026-11-16T10:15:00Z,2026-11-24T12:53:24Z,,Postman,,Sprint-10,Sprint-11,
SQ-A-176,Add session handling,Story,Done,auth-squad,2026-11-10T14:45:00Z,2026-11-16T10:25:48Z,,Manual,,Sprint-10,,
SQ-A-177,Refactor session handling,Story,Done,auth-squad,2026-11-07T13:00:00Z,2026-11-15T14:12:00Z,,Perfecto Mobile,,Sprint-10,,
SQ-A-178,Improve session handling,Story,Done,auth-squad,2026-11-04T11:15:00Z,2026-11-09T05:15:00Z,,Selenium,,Sprint-10,,
SQ-B-161,Investigate order summary,Story,Done,checkout-squad,2026-11-13T12:15:00Z,2026-11-24T22:05:24Z,,Perfecto Mobile,,Sprint-10,Sprint-11,
SQ-B-162,Improve discount code,Story,Done,checkout-squad,2026-11-12T17:30:00Z,2026-11-20T05:15:36Z,,Manual,,Sprint-10,Sprint-11,
SQ-B-163,Optimize cart persistence,Story,Done,checkout-squad,2026-11-09T11:15:00Z,2026-11-18T19:39:00Z,,Selenium,,Sprint-10,Sprint-11,
SQ-B-164,Improve cart persistence,Story,Done,checkout-squad,2026-11-07T10:15:00Z,2026-11-14T03:31:48Z,,Selenium,,Sprint-10,,
SQ-B-165,Add guest checkout,Story,Done,checkout-squad,2026-11-15T08:45:00Z,2026-11-19T09:57:00Z,,Selenium,,Sprint-10,Sprint-11,
SQ-B-166,Document order summary,Story,Done,checkout-squad,2026-11-14T09:00:00Z,2026-11-26T09:57:36Z,,Selenium,,Sprint-10,Sprint-11,
SQ-B-167,Add discount code,Story,Done,checkout-squad,2026-11-12T12:45:00Z,2026-11-16T04:06:36Z,,Manual,,Sprint-10,,
SQ-B-168,Optimize cart persistence,Story,Done,checkout-squad,2026-11-14T09:30:00Z,2026-11-22T00:08:24Z,,Manual,,Sprint-10,Sprint-11,
SQ-B-169,Document checkout widget,Story,Done,checkout-squad,2026-11-15T17:00:00Z,2026-11-23T23:43:12Z,,Postman,,Sprint-10,Sprint-11,
SQ-B-170,Improve cart persistence,Story,Done,checkout-squad,2026-11-07T12:15:00Z,2026-11-12T18:58:12Z,,Manual,,Sprint-10,,
SQ-B-171,Fix cart persistence,Story,Done,checkout-squad,2026-11-11T11:45:00Z,2026-11-13T12:13:48Z,,Manual,,Sprint-10,,
SQ-B-172,Fix cart abandonment email,Story,Done,checkout-squad,2026-11-14T15:15:00Z,2026-11-22T21:00:36Z,,Perfecto Mobile,,Sprint-10,Sprint-11,
SQ-B-173,Investigate order summary,Story,Done,checkout-squad,2026-11-05T12:15:00Z,2026-11-15T07:55:48Z,,Selenium,,Sprint-10,,
SQ-B-174,Harden order summary,Story,Done,checkout-squad,2026-11-05T10:00:00Z,2026-11-10T07:07:12Z,,Perfecto Mobile,,Sprint-10,,
SQ-B-175,Improve discount code,Story,Done,checkout-squad,2026-11-05T09:00:00Z,2026-11-17T15:00:00Z,,Selenium,,Sprint-10,,
SQ-B-176,Harden checkout widget,Story,Done,checkout-squad,2026-11-11T17:30:00Z,2026-11-14T11:15:36Z,,Selenium,,Sprint-10,,
SQ-B-177,Document order summary,Story,Done,checkout-squad,2026-11-10T14:45:00Z,2026-11-15T16:54:36Z,,Postman,,Sprint-10,,
SQ-B-178,Improve cart persistence,Story,Done,checkout-squad,2026-11-16T10:00:00Z,2026-11-24T05:26:24Z,,Manual,,Sprint-10,Sprint-11,
SQ-B-179,Harden guest checkout,Story,Done,checkout-squad,2026-11-13T15:45:00Z,2026-11-18T16:42:36Z,,Selenium,,Sprint-10,Sprint-11,
SQ-D-163,Optimize settlement batch,Story,Done,payments-squad,2026-11-17T10:45:00Z,2026-11-20T08:21:00Z,,Selenium,,Sprint-10,Sprint-11,
SQ-D-164,Refactor payment retry logic,Story,Done,payments-squad,2026-11-05T12:30:00Z,2026-11-24T07:56:24Z,,Selenium,,Sprint-10,Sprint-11,
SQ-D-165,Document fraud rule tuning,Story,Done,payments-squad,2026-11-12T16:00:00Z,2026-11-20T11:26:24Z,,Postman,,Sprint-10,Sprint-11,
SQ-D-166,Add card tokenization,Story,Done,payments-squad,2026-11-14T14:15:00Z,2026-11-21T01:31:48Z,,Postman,,Sprint-10,Sprint-11,
SQ-D-167,Fix settlement batch,Story,Done,payments-squad,2026-11-06T16:45:00Z,2026-11-15T15:47:24Z,,Selenium,,Sprint-10,,
SQ-D-168,Optimize settlement batch,Story,Done,payments-squad,2026-11-07T13:30:00Z,2026-11-20T13:30:00Z,,Selenium,,Sprint-10,Sprint-11,
SQ-D-169,Document settlement batch,Story,Done,payments-squad,2026-11-05T15:45:00Z,2026-11-11T05:40:12Z,,Selenium,,Sprint-10,,
SQ-D-170,Add card tokenization,Story,Done,payments-squad,2026-11-05T15:00:00Z,2026-11-10T22:12:00Z,,Postman,,Sprint-10,,
SQ-D-171,Harden fraud rule tuning,Story,Done,payments-squad,2026-11-13T12:15:00Z,2026-11-19T03:51:00Z,,Selenium,,Sprint-10,Sprint-11,
SQ-D-172,Document payment retry logic,Story,Done,payments-squad,2026-11-17T11:45:00Z,2026-11-25T15:06:36Z,,Postman,,Sprint-10,Sprint-11,
SQ-D-173,Add fraud rule tuning,Story,Done,payments-squad,2026-11-09T15:00:00Z,2026-11-16T21:28:48Z,,Selenium,,Sprint-10,,
SQ-D-174,Improve settlement batch,Story,Done,payments-squad,2026-11-17T12:30:00Z,2026-11-19T21:22:48Z,,Selenium,,Sprint-10,Sprint-11,
SQ-D-175,Fix settlement batch,Story,Done,payments-squad,2026-11-17T14:00:00Z,2026-11-21T03:40:48Z,,Selenium,,Sprint-10,Sprint-11,
SQ-D-176,Fix settlement batch,Story,Done,payments-squad,2026-11-11T11:30:00Z,2026-11-16T19:10:48Z,,Manual,,Sprint-10,,
SQ-D-177,Add refund workflow,Story,Done,payments-squad,2026-11-14T17:15:00Z,2026-11-16T17:58:12Z,,Manual,,Sprint-10,,
SQ-D-178,Improve payment retry logic,Story,Done,payments-squad,2026-11-17T17:45:00Z,2026-11-25T23:45:00Z,,Manual,,Sprint-10,Sprint-11,
SQ-D-179,Harden refund workflow,Story,Done,payments-squad,2026-11-06T10:00:00Z,2026-11-13T05:12:00Z,,Selenium,,Sprint-10,,
SQ-D-180,Investigate settlement batch,Story,Done,payments-squad,2026-11-10T17:15:00Z,2026-11-20T10:17:24Z,,Selenium,,Sprint-10,Sprint-11,
SQ-D-181,Harden payment retry logic,Story,Done,payments-squad,2026-11-06T14:30:00Z,2026-11-12T23:37:12Z,,Perfecto Mobile,,Sprint-10,,
SQ-D-182,Harden payment retry logic,Story,Done,payments-squad,2026-11-12T11:15:00Z,2026-11-20T04:31:48Z,,Selenium,,Sprint-10,Sprint-11,
SQ-A-179,Document login rate limiting,Story,Done,auth-squad,2026-11-28T10:30:00Z,2026-12-06T12:39:36Z,,Manual,,Sprint-11,Sprint-12,
SQ-A-180,Add login rate limiting,Story,Done,auth-squad,2026-11-28T14:30:00Z,2026-12-03T23:37:12Z,,Selenium,,Sprint-11,Sprint-12,
SQ-A-181,Investigate token refresh,Story,Done,auth-squad,2026-11-18T14:15:00Z,2026-11-30T02:29:24Z,,Selenium,,Sprint-11,,
SQ-A-182,Investigate token refresh,Story,Done,auth-squad,2026-11-28T12:15:00Z,2026-12-06T00:43:48Z,,Swagger,,Sprint-11,Sprint-12,
SQ-A-183,Refactor password reset flow,Story,Done,auth-squad,2026-11-26T08:30:00Z,2026-11-29T04:10:48Z,,Postman,,Sprint-11,,
SQ-A-184,Investigate password reset flow,Story,Done,auth-squad,2026-11-26T14:15:00Z,2026-12-04T23:07:48Z,,Perfecto Mobile,,Sprint-11,Sprint-12,
SQ-A-185,Harden login rate limiting,Story,Done,auth-squad,2026-11-18T14:45:00Z,2026-11-26T21:57:00Z,,Selenium,,Sprint-11,,
SQ-A-186,Document token refresh,Story,Done,auth-squad,2026-11-18T12:15:00Z,2026-11-26T18:15:00Z,,Postman,,Sprint-11,,
SQ-A-187,Investigate credential rotation,Story,Done,auth-squad,2026-11-29T13:15:00Z,2026-12-09T06:17:24Z,,Selenium,,Sprint-11,Sprint-12,
SQ-A-188,Fix credential rotation,Story,Done,auth-squad,2026-11-28T09:15:00Z,2026-12-06T06:22:12Z,,Selenium,,Sprint-11,Sprint-12,
SQ-A-189,Investigate session handling,Story,Done,auth-squad,2026-11-24T12:30:00Z,2026-12-01T04:34:48Z,,Selenium,,Sprint-11,,
SQ-A-190,Add password reset flow,Story,Done,auth-squad,2026-11-25T10:00:00Z,2026-11-29T23:55:12Z,,Postman,,Sprint-11,,
SQ-A-191,Fix password reset flow,Story,Done,auth-squad,2026-12-01T12:45:00Z,2026-12-07T22:21:00Z,,Selenium,,Sprint-11,Sprint-12,
SQ-A-192,Improve credential rotation,Story,Done,auth-squad,2026-11-26T11:15:00Z,2026-12-04T18:12:36Z,,Manual,,Sprint-11,Sprint-12,
SQ-A-193,Harden MFA enrollment,Story,Done,auth-squad,2026-11-26T14:00:00Z,2026-12-05T15:40:48Z,,Selenium,,Sprint-11,Sprint-12,
SQ-A-194,Add session handling,Story,Done,auth-squad,2026-11-22T11:45:00Z,2026-12-01T01:54:36Z,,Perfecto Mobile,,Sprint-11,,
SQ-A-195,Refactor session handling,Story,Done,auth-squad,2026-11-23T15:15:00Z,2026-11-30T13:05:24Z,,Perfecto Mobile,,Sprint-11,,
SQ-A-196,Investigate session handling,Story,Done,auth-squad,2026-11-23T14:00:00Z,2026-11-29T21:40:48Z,,Manual,,Sprint-11,,
SQ-A-197,Refactor MFA enrollment,Story,Done,auth-squad,2026-12-01T13:45:00Z,2026-12-05T22:37:48Z,,Manual,,Sprint-11,Sprint-12,
SQ-A-198,Add password reset flow,Story,Done,auth-squad,2026-11-19T09:15:00Z,2026-11-27T13:48:36Z,,Selenium,,Sprint-11,,
SQ-B-180,Optimize cart abandonment email,Story,Done,checkout-squad,2026-11-28T11:45:00Z,2026-12-02T03:06:36Z,,Selenium,,Sprint-11,Sprint-12,
SQ-B-181,Fix cart persistence,Story,Done,checkout-squad,2026-11-29T10:00:00Z,2026-12-04T01:36:00Z,,Selenium,,Sprint-11,Sprint-12,
SQ-B-182,Investigate order summary,Story,Done,checkout-squad,2026-11-20T12:00:00Z,2026-11-24T07:40:48Z,,Selenium,,Sprint-11,,
SQ-B-183,Fix guest checkout,Story,Done,checkout-squad,2026-11-25T14:45:00Z,2026-11-30T17:37:48Z,,Selenium,,Sprint-11,,
SQ-B-184,Fix discount code,Story,Done,checkout-squad,2026-11-28T17:00:00Z,2026-12-05T09:19:12Z,,Manual,,Sprint-11,Sprint-12,
SQ-B-185,Document order summary,Story,Done,checkout-squad,2026-11-19T12:30:00Z,2026-11-23T18:30:00Z,,Manual,,Sprint-11,,
SQ-B-186,Optimize guest checkout,Story,Done,checkout-squad,2026-12-01T08:45:00Z,2026-12-05T02:59:24Z,,Selenium,,Sprint-11,Sprint-12,
SQ-B-187,Harden cart persistence,Story,Done,checkout-squad,2026-11-28T10:30:00Z,2026-12-07T17:56:24Z,,Manual,,Sprint-11,Sprint-12,
SQ-B-188,Optimize guest checkout,Story,Done,checkout-squad,2026-12-01T16:15:00Z,2026-12-03T17:12:36Z,,Manual,,Sprint-11,Sprint-12,
SQ-B-189,Harden checkout widget,Story,Done,checkout-squad,2026-11-19T12:15:00Z,2026-11-28T17:46:12Z,,Manual,,Sprint-11,,
SQ-B-190,Investigate checkout widget,Story,Done,checkout-squad,2026-11-28T16:15:00Z,2026-12-02T10:43:48Z,,Selenium,,Sprint-11,Sprint-12,
SQ-B-191,Document cart abandonment email,Story,Done,checkout-squad,2026-11-20T17:00:00Z,2026-11-30T04:02:24Z,,Manual,,Sprint-11,,
SQ-B-192,Document discount code,Story,Done,checkout-squad,2026-11-19T12:00:00Z,2026-11-23T01:55:12Z,,Selenium,,Sprint-11,,
SQ-B-193,Refactor discount code,Story,Done,checkout-squad,2026-11-20T11:00:00Z,2026-11-23T00:26:24Z,,Manual,,Sprint-11,,
SQ-B-194,Harden discount code,Story,Done,checkout-squad,2026-11-25T13:30:00Z,2026-11-28T18:46:48Z,,Manual,,Sprint-11,,
SQ-B-195,Optimize discount code,Story,Done,checkout-squad,2026-11-20T08:30:00Z,2026-11-24T02:58:48Z,,Selenium,,Sprint-11,,
SQ-D-183,Investigate settlement batch,Story,Done,payments-squad,2026-11-28T13:45:00Z,2026-12-03T10:37:48Z,,Manual,,Sprint-11,Sprint-12,
SQ-D-184,Improve refund workflow,Story,Done,payments-squad,2026-11-19T10:00:00Z,2026-11-28T06:52:48Z,,Selenium,,Sprint-11,,
SQ-D-185,Add refund workflow,Story,Done,payments-squad,2026-11-22T09:00:00Z,2026-12-01T04:12:00Z,,Manual,,Sprint-11,,
SQ-D-186,Document payment retry logic,Story,Done,payments-squad,2026-11-24T17:15:00Z,2026-12-01T03:05:24Z,,Swagger,,Sprint-11,,
SQ-D-187,Investigate wallet linking,Story,Done,payments-squad,2026-11-20T13:45:00Z,2026-11-28T18:04:12Z,,Manual,,Sprint-11,,
SQ-D-188,Refactor refund workflow,Story,Done,payments-squad,2026-11-26T16:00:00Z,2026-12-02T16:28:48Z,,Perfecto Mobile,,Sprint-11,Sprint-12,
SQ-D-189,Improve payment retry logic,Story,Done,payments-squad,2026-11-20T16:15:00Z,2026-11-24T02:34:12Z,,Perfecto Mobile,,Sprint-11,,
SQ-D-190,Fix fraud rule tuning,Story,Done,payments-squad,2026-11-25T13:00:00Z,2026-12-01T10:36:00Z,,Selenium,,Sprint-11,,
SQ-D-191,Optimize settlement batch,Story,Done,payments-squad,2026-11-21T08:15:00Z,2026-11-29T16:10:12Z,,Manual,,Sprint-11,,
SQ-D-192,Investigate payment retry logic,Story,Done,payments-squad,2026-11-18T08:30:00Z,2026-11-28T02:30:00Z,,Selenium,,Sprint-11,,
SQ-D-193,Fix refund workflow,Story,Done,payments-squad,2026-11-27T16:15:00Z,2026-12-02T16:58:12Z,,Selenium,,Sprint-11,Sprint-12,
SQ-D-194,Document settlement batch,Story,Done,payments-squad,2026-11-24T11:45:00Z,2026-12-03T10:18:36Z,,Postman,,Sprint-11,Sprint-12,
SQ-D-195,Investigate wallet linking,Story,Done,payments-squad,2026-11-18T16:15:00Z,2026-11-22T12:24:36Z,,Selenium,,Sprint-11,,
SQ-D-196,Refactor settlement batch,Story,Done,payments-squad,2026-11-20T10:30:00Z,2026-11-28T23:27:36Z,,Selenium,,Sprint-11,,
SQ-D-197,Improve payment retry logic,Story,Done,payments-squad,2026-11-29T09:45:00Z,2026-12-05T05:40:12Z,,Manual,,Sprint-11,Sprint-12,
SQ-D-198,Improve payment retry logic,Story,Done,payments-squad,2026-11-18T11:00:00Z,2026-11-25T04:45:36Z,,Manual,,Sprint-11,,
SQ-A-199,Optimize login rate limiting,Story,Done,auth-squad,2026-12-11T10:00:00Z,2026-12-20T19:07:12Z,,Manual,,Sprint-12,,
SQ-A-200,Document credential rotation,Story,Done,auth-squad,2026-12-12T08:30:00Z,2026-12-16T02:01:12Z,,Selenium,,Sprint-12,,
SQ-A-201,Improve login rate limiting,Story,Done,auth-squad,2026-12-05T14:15:00Z,2026-12-14T03:41:24Z,,Postman,,Sprint-12,,
SQ-A-202,Document login rate limiting,Story,Done,auth-squad,2026-12-10T12:15:00Z,2026-12-15T06:00:36Z,,Postman,,Sprint-12,,
SQ-A-203,Refactor login rate limiting,Story,Done,auth-squad,2026-12-03T11:45:00Z,2026-12-06T08:37:48Z,,Manual,,Sprint-12,,
SQ-A-204,Add login rate limiting,Story,Done,auth-squad,2026-12-12T14:15:00Z,2026-12-16T00:19:48Z,,Manual,,Sprint-12,,
SQ-A-205,Add password reset flow,Story,Done,auth-squad,2026-12-14T09:00:00Z,2026-12-17T09:57:36Z,,Postman,,Sprint-12,,
SQ-A-206,Optimize token refresh,Story,Done,auth-squad,2026-12-08T16:45:00Z,2026-12-11T01:09:00Z,,Manual,,Sprint-12,,
SQ-A-207,Fix credential rotation,Story,Done,auth-squad,2026-12-14T14:30:00Z,2026-12-22T12:49:12Z,,Selenium,,Sprint-12,,
SQ-A-208,Optimize MFA enrollment,Story,Done,auth-squad,2026-12-06T15:15:00Z,2026-12-09T07:19:48Z,,Selenium,,Sprint-12,,
SQ-A-209,Refactor password reset flow,Story,Done,auth-squad,2026-12-02T08:00:00Z,2026-12-07T08:00:00Z,,Selenium,,Sprint-12,,
SQ-A-210,Investigate MFA enrollment,Story,Done,auth-squad,2026-12-08T13:00:00Z,2026-12-15T18:02:24Z,,Manual,,Sprint-12,,
SQ-A-211,Optimize token refresh,Story,Done,auth-squad,2026-12-08T17:30:00Z,2026-12-18T15:49:12Z,,Manual,,Sprint-12,,
SQ-A-212,Document MFA enrollment,Story,Done,auth-squad,2026-12-10T16:45:00Z,2026-12-17T04:01:48Z,,Selenium,,Sprint-12,,
SQ-A-213,Fix password reset flow,Story,Done,auth-squad,2026-12-11T13:45:00Z,2026-12-20T09:54:36Z,,Selenium,,Sprint-12,,
SQ-B-196,Harden guest checkout,Story,Done,checkout-squad,2026-12-14T10:00:00Z,2026-12-19T14:48:00Z,,Postman,,Sprint-12,,
SQ-B-197,Fix checkout widget,Story,Done,checkout-squad,2026-12-13T08:15:00Z,2026-12-20T10:24:36Z,,Manual,,Sprint-12,,
SQ-B-198,Fix guest checkout,Story,Done,checkout-squad,2026-12-11T14:00:00Z,2026-12-24T14:00:00Z,,Selenium,,Sprint-12,,
SQ-B-199,Add checkout widget,Story,Done,checkout-squad,2026-12-13T14:45:00Z,2026-12-19T18:49:48Z,,Postman,,Sprint-12,,
SQ-B-200,Investigate checkout widget,Story,Done,checkout-squad,2026-12-09T15:00:00Z,2026-12-16T21:14:24Z,,Selenium,,Sprint-12,,
SQ-B-201,Harden checkout widget,Story,Done,checkout-squad,2026-12-14T17:15:00Z,2026-12-22T02:36:36Z,,Postman,,Sprint-12,,
SQ-B-202,Harden cart abandonment email,Story,Done,checkout-squad,2026-12-02T10:00:00Z,2026-12-10T15:45:36Z,,Manual,,Sprint-12,,
SQ-B-203,Fix cart persistence,Story,Done,checkout-squad,2026-12-08T17:15:00Z,2026-12-16T14:51:00Z,,Manual,,Sprint-12,,
SQ-B-204,Refactor guest checkout,Story,Done,checkout-squad,2026-12-06T16:30:00Z,2026-12-15T04:58:48Z,,Selenium,,Sprint-12,,
SQ-B-205,Fix guest checkout,Story,Done,checkout-squad,2026-12-09T14:00:00Z,2026-12-14T20:14:24Z,,Selenium,,Sprint-12,,
SQ-B-206,Investigate guest checkout,Story,Done,checkout-squad,2026-12-10T12:30:00Z,2026-12-18T22:34:48Z,,Manual,,Sprint-12,,
SQ-B-207,Harden order summary,Story,Done,checkout-squad,2026-12-06T15:45:00Z,2026-12-14T19:35:24Z,,Perfecto Mobile,,Sprint-12,,
SQ-B-208,Optimize cart abandonment email,Story,Done,checkout-squad,2026-12-09T17:00:00Z,2026-12-13T18:26:24Z,,Selenium,,Sprint-12,,
SQ-B-209,Add cart abandonment email,Story,Done,checkout-squad,2026-12-12T11:30:00Z,2026-12-17T07:10:48Z,,Selenium,,Sprint-12,,
SQ-B-210,Harden cart persistence,Story,Done,checkout-squad,2026-12-05T12:00:00Z,2026-12-13T11:45:36Z,,Manual,,Sprint-12,,
SQ-B-211,Investigate checkout widget,Story,Done,checkout-squad,2026-12-04T15:30:00Z,2026-12-13T19:06:00Z,,Swagger,,Sprint-12,,
SQ-B-212,Refactor discount code,Story,Done,checkout-squad,2026-12-12T11:45:00Z,2026-12-16T08:52:12Z,,Selenium,,Sprint-12,,
SQ-B-213,Fix cart persistence,Story,Done,checkout-squad,2026-12-05T11:15:00Z,2026-12-10T07:39:00Z,,Selenium,,Sprint-12,,
SQ-D-199,Add settlement batch,Story,Done,payments-squad,2026-12-12T15:00:00Z,2026-12-18T22:55:12Z,,Selenium,,Sprint-12,,
SQ-D-200,Investigate settlement batch,Story,Done,payments-squad,2026-12-11T13:45:00Z,2026-12-20T14:57:00Z,,Selenium,,Sprint-12,,
SQ-D-201,Improve card tokenization,Story,Done,payments-squad,2026-12-14T16:30:00Z,2026-12-22T16:30:00Z,,Manual,,Sprint-12,,
SQ-D-202,Harden settlement batch,Story,Done,payments-squad,2026-12-14T14:45:00Z,2026-12-16T20:59:24Z,,Perfecto Mobile,,Sprint-12,,
SQ-D-203,Document fraud rule tuning,Story,Done,payments-squad,2026-12-14T10:45:00Z,2026-12-22T00:54:36Z,,Perfecto Mobile,,Sprint-12,,
SQ-D-204,Harden refund workflow,Story,Done,payments-squad,2026-12-02T08:15:00Z,2026-12-05T03:41:24Z,,Selenium,,Sprint-12,,
SQ-D-205,Harden fraud rule tuning,Story,Done,payments-squad,2026-12-04T16:30:00Z,2026-12-10T10:58:48Z,,Selenium,,Sprint-12,,
SQ-D-206,Harden settlement batch,Story,Done,payments-squad,2026-12-09T14:15:00Z,2026-12-17T14:43:48Z,,Selenium,,Sprint-12,,
SQ-D-207,Fix payment retry logic,Story,Done,payments-squad,2026-12-09T10:15:00Z,2026-12-16T22:00:36Z,,Selenium,,Sprint-12,,
SQ-D-208,Improve settlement batch,Story,Done,payments-squad,2026-12-14T11:45:00Z,2026-12-18T01:25:48Z,,Selenium,,Sprint-12,,
SQ-D-209,Harden settlement batch,Story,Done,payments-squad,2026-12-04T14:45:00Z,2026-12-13T18:21:00Z,,Selenium,,Sprint-12,,
SQ-D-210,Add wallet linking,Story,Done,payments-squad,2026-12-06T16:00:00Z,2026-12-14T04:28:48Z,,Selenium,,Sprint-12,,
SQ-D-211,Harden refund workflow,Story,Done,payments-squad,2026-12-09T09:45:00Z,2026-12-13T11:40:12Z,,Manual,,Sprint-12,,
SQ-D-212,Refactor refund workflow,Story,Done,payments-squad,2026-12-14T12:30:00Z,2026-12-26T14:39:36Z,,Manual,,Sprint-12,,
SQ-D-213,Harden payment retry logic,Story,Done,payments-squad,2026-12-12T16:15:00Z,2026-12-16T22:58:12Z,,Manual,,Sprint-12,,
SQ-D-214,Improve wallet linking,Story,Done,payments-squad,2026-12-09T15:00:00Z,2026-12-13T21:57:36Z,,Postman,,Sprint-12,,
SQ-D-215,Fix card tokenization,Story,Done,payments-squad,2026-12-14T13:45:00Z,2026-12-21T03:25:48Z,,Selenium,,Sprint-12,,
SQ-D-216,Investigate refund workflow,Story,Done,payments-squad,2026-12-07T11:30:00Z,2026-12-11T19:25:12Z,,Postman,,Sprint-12,,
SQ-D-217,Document settlement batch,Story,Done,payments-squad,2026-12-08T12:45:00Z,2026-12-18T00:59:24Z,,Selenium,,Sprint-12,,
SQ-D-218,Fix wallet linking,Story,Done,payments-squad,2026-12-04T08:15:00Z,2026-12-11T15:27:00Z,,Selenium,,Sprint-12,,
SQ-A-214,Session cache corruption in Auth service,Sub-task,Done,auth-squad,2026-07-15T14:00:00Z,2026-07-16T14:00:00Z,Session cache corruption in Auth service; fix in progress,,Cluster-1-Auth,Sprint-2,,
SQ-A-215,Session cache corruption in Auth service,Sub-task,Done,auth-squad,2026-07-16T09:00:00Z,2026-07-17T09:00:00Z,Session cache corruption in Auth service; fix in progress,,Cluster-1-Auth,Sprint-2,,
SQ-A-216,Session cache corruption in Auth service,Sub-task,Done,auth-squad,2026-07-17T15:00:00Z,2026-07-18T15:00:00Z,Session cache corruption in Auth service; fix in progress,,Cluster-1-Auth,Sprint-2,,
SQ-B-214,Feature blocked pending Auth service fix,Sub-task,Done,checkout-squad,2026-07-16T08:45:00Z,2026-07-17T08:45:00Z,Waiting on Login service (SQ-A),,Cluster-1-Auth,Sprint-2,,
SQ-B-215,Feature blocked pending Auth service fix,Sub-task,Done,checkout-squad,2026-07-17T16:00:00Z,2026-07-18T16:00:00Z,Waiting on Login service (SQ-A),,Cluster-1-Auth,Sprint-2,,
SQ-B-216,Feature blocked pending Auth service fix,Sub-task,Done,checkout-squad,2026-07-18T09:30:00Z,2026-07-19T09:30:00Z,Waiting on Login service (SQ-A),,Cluster-1-Auth,Sprint-2,,
SQ-D-219,Feature blocked pending Auth service fix,Sub-task,Done,payments-squad,2026-07-16T17:15:00Z,2026-07-17T17:15:00Z,Waiting on Login service (SQ-A),,Cluster-1-Auth,Sprint-2,,
SQ-D-220,Feature blocked pending Auth service fix,Sub-task,Done,payments-squad,2026-07-17T09:45:00Z,2026-07-18T09:45:00Z,Waiting on Login service (SQ-A),,Cluster-1-Auth,Sprint-2,,
SQ-D-221,Feature blocked pending Auth service fix,Sub-task,Done,payments-squad,2026-07-18T12:15:00Z,2026-07-19T12:15:00Z,Waiting on Login service (SQ-A),,Cluster-1-Auth,Sprint-2,,
